number,title,authors,year,venue,citations,abstract,url
1,Improving Speaking Fluency for International Teaching Assistants by Increasing Input.,"GJ Gorsuch- Tesl-Ej, 2011",N/A,ERIC,0,"One challenge for many international teaching assistants (ITAs) is improving their spokenEnglish fluency after arrival in the USA It may be argued that poor fluency, with its hallmarks of …",https://eric.ed.gov/?id=EJ927238
2,“Authenticity” in language testing: Evaluating spoken language tests for international teaching assistants,"B Hoekje, K Linnell - TESOL quarterly, 1994",N/A,Wiley Online Library,0,… the problem of the evaluation oflanguageproficiencyitself. Despite the increased … toappropriate instruments to evaluate the spokenlanguageproficiencyof NNS TAs or even the terms …,https://onlinelibrary.wiley.com/doi/abs/10.2307/3587201
3,[B]Measures of spoken assessment in ESL: A comparison of three measures of assessing theoral proficiencyof international teaching assistants at the State …,ZM Noor- 1996,N/A,search.proquest.com,0,"… However, the literature review in this study has been narrowed down to the issues oflanguageassessmentand findings ofOralproficiencyassessment. This literature review has been …",https://search.proquest.com/openview/4eba02d871f0b06678f69bfd7fc19a4d/1?pq-origsite=gscholar&cbl=18750&diss=y
4,An investigation into the validity of the TOEFL iBT speaking test forinternational teaching assistant certification,"TL Farnsworth -Language AssessmentQuarterly, 2013",N/A,Taylor & Francis,0,"This study examined the construct validity of the TOEFL iBT Speaking subsection for thepurposes of international teaching assistant (ITA) certification, a purpose for which it was not …",https://www.tandfonline.com/doi/abs/10.1080/15434303.2013.769548
5,The SPEAK Test: International Teaching Assistants' and Instructors' Affective Reactions.,D Gokcora,1992,,0,… Interaction between field and year in the statistical analysis showed that most people thinkthat the SPEAK Test alone is not enough of a criterion to tell about theiroralproficiency. They …,https://eric.ed.gov/?id=ED351731
6,[B]Assessing oral english proficiency of foreign teaching assistants,JM Jarecki-Liu,1993,,0,"… Critique of OriginalOralProficiencyExams Though the issue oforalproficiencyinEnglish has been identified as a problem by universities using foreign teaching assistants (FTAs), …",https://search.proquest.com/openview/6b7f56c4b7db822de60f093eaf7ab0c9/1?pq-origsite=gscholar&cbl=18750&diss=y
7,Forecasting SPEAK test score from TOEFL score: a Bayesian model for screening international teaching assistants,"M Gurlitz - 2015 Systems and Information Engineering Design …, 2015",N/A,ieeexplore.ieee.org,0,"Teaching assistantships provide funding to graduate students and support to teaching faculty.At many universities in the United States, students whose first language is not English can …",https://ieeexplore.ieee.org/abstract/document/7116971/
8,"Predicting international teaching assistants' performance in a domain-specific test: The case of complexity, accuracy, fluency, and compensatory strategies",S Mirshahidi,2017,,0,"… proficiency entails different skills from generaloralproficiency, research on its operationalization… tests is used as the basis to research the contributing factors to L2oralproficiency, the …",https://search.proquest.com/openview/7b9f6ea3975654f78cb500763675329a/1?pq-origsite=gscholar&cbl=18750
9,Evaluation of language and teaching skill domains for international teaching assistants: An approach based on invariant measurement,"H Chang-Language AssessmentQuarterly, 2022",N/A,Taylor & Francis,0,"… the construct of the language skills assessed by the Test ofOralProficiency, which isdesigned to assessoralproficiencyof ITAs. The question remains whether it is psychometrically …",https://www.tandfonline.com/doi/abs/10.1080/15434303.2021.2013487
10,A university‐wide assessment and training program for international teaching assistants,"D vom Saal, RJ Miles… - Journal of Agronomic …, 1988",N/A,Wiley Online Library,0,"… fororalproficiency, cultural orientation, and one semester in residence before teaching.The components of the program provideoralproficiency… The assessment oforalproficiency…",https://acsess.onlinelibrary.wiley.com/doi/abs/10.2134/jae1988.0068
11,Communicative competence and the dilemma ofinternational teaching assistant education,"B Hoekje, J Williams - Tesol Quarterly, 1992",N/A,Wiley Online Library,0,"… as a problem of Englishoralproficiencyeffectiveness, we maintain that, for ITAs, the aimis … instrument for assessing spokenlanguageproficiencyis theOralProficiencyInterview (OPI), …",https://onlinelibrary.wiley.com/doi/abs/10.2307/3587005
12,[CITATION][C]TOEFL® Academic speaking test: Setting a cut score for international teaching assistants,"EC Wylie,RJ Tannenbaum- Research Memorandum, 2006",N/A,Citeseer,0,,N/A
13,International teaching assistants at universities: A research agenda,"G Gorsuch- Language Teaching, 2016",N/A,cambridge.org,0,"International teaching assistants (ITAs) are Indian, Chinese, Korean, Turkish, etc. internationalstudents who have been admitted to graduate study at universities in the USA and …",https://www.cambridge.org/core/journals/language-teaching/article/international-teaching-assistants-at-universities-a-research-agenda/732FFDDC64DE5EBDCEEC515468F82D1A
14,What the analytic versus holistic scoring of international teaching assistants can reveal: Lexical grammar matters,"W Ma- Language Testing, 2022",N/A,journals.sagepub.com,0,"… The holistic descriptors, however, cannot by nature differentiate examinees with variedoralproficiencyprofiles that might exist within the holistic score levels. This observation has …",https://journals.sagepub.com/doi/abs/10.1177/02655322211040020
15,An Investigation of Interactional Authenticity inInternational Teaching Assistant InterviewTesting.,"S Jenkins, I Parra",1997,,0,"… In the present study, theOralProficiencyTest designed for use at a large researchorienteduniversity had to consider as many ""political"" as validity and reliability issues in …",https://eric.ed.gov/?id=ED411683
16,"Development of Fluency, Complexity, and Accuracy in Second LanguageOral Proficiency: A Longitudinal Study of Two International Teaching Assistants in the US",Q Zhang- 2023,N/A,search.proquest.com,0,This longitudinal case study investigated the developmental trajectories of two participantsenrolled in an ITA oral communication course at Purdue University. The course provides …,https://search.proquest.com/openview/2019ca7d83e7d7b4d0b4a7321e93ac16/1?pq-origsite=gscholar&cbl=18750&diss=y
17,Discourse differences between international teaching assistants and university registers: a quantitative corpus approach,"H Chang- Language and Education, 2025",N/A,Taylor & Francis,0,… effort to ensure that ITAs’ Englishoralproficiencyis appropriate for their instructional duties… their English proficiency by passing an Englishlanguageassessment(s) required by the …,https://www.tandfonline.com/doi/abs/10.1080/09500782.2024.2375379
18,Test taker-initiated repairs in an Englishoral proficiencyexam for international teaching assistants,"SH Kim,I Park- Text & Talk, 2015",N/A,degruyterbrill.com,0,… ’ other-initiated repair initiators found in our test oforalproficiencydata were: (i) open-class …was also observed in the context of theoralproficiencyexam. The other type of repair …,https://www.degruyterbrill.com/document/doi/10.1515/text-2014-0036/html
19,Domain Description: Validating the Interpretation of theTOEFL iBT® Speaking Scores forInternational Teaching Assistant Screeningand Certification Purposes,"E Cotos, YR Chung - ETS Research Report Series, 2018",N/A,Wiley Online Library,0,… The Internet-based TOEFL iBT® test is one of the most globally accepted English-languageproficiencytests that aids in making high-stakes decisions for nonnative speakers of English. …,https://onlinelibrary.wiley.com/doi/abs/10.1002/ets2.12233
20,Standard Setting for Next Generation TOEFL Academic Speaking Test (TAST): Reflections on the ETS Panel ofInternational Teaching Assistant Developers.,"D Papajohn- TESL-EJ, 2006",N/A,ERIC,0,"While many institutions have utilized TOEFL scores for international admissions for manyyears, a speaking section has never before been a required part of TOEFL until the …",https://eric.ed.gov/?id=EJ1064991
21,Undergraduates Learning from Nonnative English-Speaking Teaching Assistants.,N Oppenheim,1996,,0,This study investigates whether the Student Mediation Model is useful for understandinghow undergraduates learn from international teaching assistants (ITAs) teachers who are not …,https://eric.ed.gov/?id=ED394418
22,Knowledge structures inoral proficiencyinterviews for international teaching assistants,"BA Mohan - … approaches to the assessment oforal proficiency, 2011",N/A,degruyterbrill.com,0,…oralproficiencyof second language learners for academic contexts. The data for this chapterare drawn from a group oforalproficiency… OPI as a measure oforalproficiencyin academic …,https://www.degruyterbrill.com/document/doi/10.1075/sibil.14.12moh/html
23,A corpus-based analysis of grammatical complexity as a measure of international teaching assistants' oral English proficiency,"S Thirakunkovit,RA Rodríguez-Fuentes,K Park… - English for Specific …, 2019",N/A,Elsevier,0,Oral English proficiency is one among several crucial factors to help determine the eligibilityof international teaching assistants (ITAs) for various tasks associated with teaching …,https://www.sciencedirect.com/science/article/pii/S0889490617301254
24,An analysis of non-native English-speaking graduate teaching assistants' online journal entries,"B Ates,ZR Eslami- Language and Education, 2012",N/A,Taylor & Francis,0,"… Research related to ITAs mainly focused on ways of improving ITAs’languageproficiency(specifically pronunciation). Different studies were also conducted on the attitudes, beliefs and …",https://www.tandfonline.com/doi/abs/10.1080/09500782.2012.669766
25,Testing language and teaching skills of international teaching assistants: The limits of compensator strategies,"GB Halleck, CL Moder - TESOL Quarterly, 1995",N/A,Wiley Online Library,0,"… of regents, and state legislatures to test theoralproficiencyof ITAs employed at US universitiesin … that the test we use to measure theoralproficiencyof our subjects actually requires the …",https://onlinelibrary.wiley.com/doi/abs/10.2307/3588172
26,Nonlanguage factors affecting undergraduates' judgments of nonnative English-speaking teaching assistants,"DL Rubin- Research in Higher education, 1992",N/A,Springer,0,"In response to dramatic changes in the demographics of graduate education, considerableeffort is being deveoted to training teaching assistants who are nonnative speakers of …",https://link.springer.com/article/10.1007/BF00973770
27,[CITATION][C]… : Validating the Interpretation of the TOEFL iBT® Test Speaking Scores forInternational Teaching Assistant Screeningand Certification Purposes,"E Cotos, YR Chung",N/A,N/A,0,,N/A
28,Linguistic and Non-linguistic Factors Affecting International Teaching Assistants' Comprehensibility and Teaching Quality,"X Hu,LJ Kuo, LQ Dixon - Journal of Language, Identity & …, 2024",N/A,Taylor & Francis,0,"… Relative impact of pronunciation features on ratings of non-native speakers’oralproficiency.Pronunciation in Second Language Learning and Teaching Proceedings. 4( 1), https://www.…",https://www.tandfonline.com/doi/abs/10.1080/15348458.2024.2412057
29,Becoming the teacher: Changing participant frameworks ininternational teaching assistant discourse,"EF Rine,JK Hall- JK Hall, J. Hellermann, & S. Pekarek Doehler …, 2011",N/A,books.google.com,0,Studies employing conversation analysis (CA) in second language (L2) environments haverevealed the myriad interactional resources L2 speakers use to create and index …,https://books.google.com/books?hl=en&lr=&id=awfPBQAAQBAJ&oi=fnd&pg=PA244&dq=(%22Foreign+teaching+assistant*%22+OR+%22International+teaching+assistant*%22+OR+%22Non-native+teaching+assistant*%22)+AND+(%22speaking+assessment*%22+OR+%22rubric*%22+OR+%22language+proficiency%22+OR+%22oral+proficiency%22+OR+%22language+assessment%22+OR+%22accent+assessment%22+OR+%22intelligibility+assessment%22)+-Italian+-lingua&ots=VbU2JSWTfb&sig=WcWnGnQn8oxoPbKD66Ueg06NW7Q
30,"[B]"" Living through"" an intercultural experience: Undergraduates learning from nonnative English-speaking teaching assistants",NA Oppenheim,1996,,0,"In the two studies that comprised this dissertation, I measured the effects of having aninternational, nonnative English-speaking teaching assistant (ITA) on student achievement and …",https://search.proquest.com/openview/37981946cfce9ad61d1f48f2f7744bf9/1?pq-origsite=gscholar&cbl=18750&diss=y
31,Topic development in the Englishoral proficiencyinterview for international teaching assistants at the University of Illinois at Urbana-Champaign,K Kim,2017,,0,The present study examines how a topic is initiated and is developed and expanded foradditional questions in order to probe an International Teaching Assistant (ITA) candidate’s oral …,https://www.ideals.illinois.edu/items/102555
32,International Teaching Assistant(ITA) training program at Bowling Green State University: Putting the needs of ITAs and the expectations of undergraduate native …,S Youssef,2018,,0,"… In addition, because current scholarship reflects an existing stigma against ITAs in termsof their/our ethnicity, accentedness, andlanguageproficiency, I investigated the existence of …",https://rave.ohiolink.edu/etdc/view?acc_num=bgsu1522601913474312
33,[B]COMMUNICATIVE COMPETENCE IN CLASSROOM: THE EXPERIENCES OF INTERNATIONAL TEACHING ASSISTANTS,E Bengü- 2020,N/A,books.google.com,0,"At the time I was writing my dissertation I was a student at University of Cincinnati. Universityof Cincinnati has had an established program for teaching assistants since 1993; however, …",https://books.google.com/books?hl=en&lr=&id=aVxwEAAAQBAJ&oi=fnd&pg=PR7&dq=(%22Foreign+teaching+assistant*%22+OR+%22International+teaching+assistant*%22+OR+%22Non-native+teaching+assistant*%22)+AND+(%22speaking+assessment*%22+OR+%22rubric*%22+OR+%22language+proficiency%22+OR+%22oral+proficiency%22+OR+%22language+assessment%22+OR+%22accent+assessment%22+OR+%22intelligibility+assessment%22)+-Italian+-lingua&ots=2RCNQj2zTS&sig=uUAy0nt-Tg4LS1EQikEk7Has0L8
34,[CITATION][C]Self-assessment of English ability of Korean teaching assistants at Iowa State University,S Sohn,1989,,0,,N/A
35,Towards defining a valid assessment criterion of pronunciation proficiency in non-native English-speaking graduate students,"T Isaacs- Canadian Modern Language Review, 2008",N/A,utppublishing.com,0,"… They argue for ‘the need to disassociate accent ratings and intelligibility inlanguageassessmentinstruments, which often confound the two dimensions’ (pp. 11–12). This constitutes …",https://utppublishing.com/doi/abs/10.3138/cmlr.64.4.555
36,Development of a framework for computer assisted assessment systems used in oral English proficiency testing of international teaching assistants,KPC Madhavan,2003,,0,This dissertation describes the framework for a computer assisted assessment (CAA)system entitled Test Management and Administration Package (TESTMAP). This framework …,https://search.proquest.com/openview/f499a7576021d4d72a77611f3661ebd3/1?pq-origsite=gscholar&cbl=18750&diss=y
37,"US Undergraduates' Perceptions of International Teaching Assistants' Comprehensibility, Accentedness, and Teaching Ability Within a Virtual Language Partner …",BC McDermott,2022,,0,"This study investigates US undergraduate students’ perceptions of international teachingassistants’ levels of accentedness, comprehensibility, and teaching ability and the impact of a …",https://search.proquest.com/openview/2746fba7271718940742750a3155c14a/1?pq-origsite=gscholar&cbl=18750&diss=y
38,Resolvinginternational teaching assistant languageinadequacy through dialogue: Challenges and opportunities for clarity and credibility,"L Li,JP Mazer,R Ju- Communication Education, 2011",N/A,Taylor & Francis,0,"Guided by Giddens’ structuration theory, this study highlights structures that both enableand constrain nonnative English-speaking teachers and students in American college …",https://www.tandfonline.com/doi/abs/10.1080/03634523.2011.565352
39,"Effects of accent, ethnicity, and lecture topic on undergraduates' perceptions of nonnative English-speaking teaching assistants","DL Rubin, KA Smith - International journal of intercultural relations, 1990",N/A,Elsevier,0,"The most common response to perceived lack of Englishlanguageproficiencyamongnonnative English speaking teaching assistants (NNSTAs), has been to set up workshops to …",https://www.sciencedirect.com/science/article/pii/014717679090019S
40,"The"" foreign TA problem","K Bailey - Bailey, Kathleen M., Ed.; And Others Foreign Teaching …, 1984",N/A,ERIC,0,"… with scores from a directoralproficiencymeasure, the Test of … predictors of a candidate'soralproficiency. For this reason, … and economical way to measureoralproficiency. This tape-…",https://files.eric.ed.gov/fulltext/ED249843.pdf#page=10
41,"[B]International Teaching Assistants'(ITAs') Experiences with Language Learning, Learner Autonomy, and Technology as Students in a Requisite Oral …",LR Wallace,2014,,0,"Spoken English intelligibility in the US classroom is expected, and international teachingassistants (ITAs) are often required to take a course if their speech is not sufficiently intelligible. …",https://search.proquest.com/openview/3434ad3125e3cdfeb86c7856b9337091/1?pq-origsite=gscholar&cbl=18750
42,Cultural and linguistic miscues: A case study ofinternational teaching assistant andacademic faculty miscommunication,"S Jenkins - International Journal of Intercultural Relations, 2000",N/A,Elsevier,0,This case study explores the communication patterns between Chinese international teachingassistants (ITAs) and academic faculty in a Mathematics Department. The faculty highly …,https://www.sciencedirect.com/science/article/pii/S0147176700000110
43,[CITATION][C]Performance on a general versus a field-specific test of speaking proficiency by international teaching assistants,"D Douglas, L Selinker - A new decade …, 1993",N/A,"TESOL Publications Alexandria, VA",0,,N/A
44,International teaching assistants and summative and formative student evaluation,"G Gorsuch, J Sokolowski - The Journal of Faculty Development, 2007",N/A,ingentaconnect.com,0,"International teaching assistants (ITAs) teach undergraduate science courses in Americanuniversities in ever growing numbers as they contend with a host of pedagogic, cultural, and …",https://www.ingentaconnect.com/content/magna/jfd/2007/00000021/00000002/art00006
45,A COMPARISON OF NATIVE AND NON-NATIVE ENGLISH-SPEAKING TEACHING ASSISTANTS (TEXAS),ZSS SHAHENAYATI,1987,,0,"The purposes of this study were to determine whether differences existed between thecommunication styles and teaching effectiveness, respectively, of native and non-native teaching …",https://search.proquest.com/openview/689f0fe88c2c6494ad7efd2a24b12dfa/1?pq-origsite=gscholar&cbl=18750&diss=y
46,Cultural and Pragmatic Miscues: A Case Study ofInternational Teaching Assistant andAcademic Faculty Miscommunication.,S Jenkins,1997,,0,"… The ITAs had all met the mathematics department'slanguageproficiencytest requirements,and had been through an intensive English training program. Data were gathered through …",https://eric.ed.gov/?id=ED411684
47,A needs-based analysis of cross-cultural competence: A case study on spoken English learning experience of Chinese International Teaching Assistants in the …,"L Ye - Journal of English as an International Language, 2013",N/A,researchgate.net,0,The purpose of this case study was to investigate Chinese international teaching assistants’(ITA)English learning experiences at a large Southeastern university in the US. A triangular …,https://www.researchgate.net/profile/C-U-C-Ugorji-2/publication/310460357_Standardising_New_Englishes_A_suggestion_for_phonological_corpora/links/5830e9cb08ae004f74c0f7b6/Standardising-New-Englishes-A-suggestion-for-phonological-corpora.pdf#page=38
48,Characterizing successful classroom discourse for NNS teaching assistant training,"PL Rounds - TESOL quarterly, 1987",N/A,Wiley Online Library,0,… Even NNSs who have excellent “everyday”languageproficiencyare language learners tothe extent that they need to acquire the specific pedagogical language of the US university. …,https://onlinelibrary.wiley.com/doi/abs/10.2307/3586987
49,Issues in having international teaching assistants in engineering evaluate undergraduate writing,"J Lax - 2002 Annual Conference, 2002",N/A,peer.asee.org,0,"… Most international teaching assistants now teaching have met some type of Englishlanguageproficiencycriteria, and many undergraduate students, while still struggling to understand …",https://peer.asee.org/issues-in-having-international-teaching-assistants-in-engineering-evaluate-undergraduate-writing.pdf
50,[B]The efficacy of oral Englishlanguage proficiencypolicies for international teaching assistants in institutions of higher education,LA Obi,1995,,0,… the effectiveness of the oral Englishlanguageproficiency(OELP) policies in improving the… This study will address the Englishlanguageproficiencypolicies of those institutions but not …,https://search.proquest.com/openview/9bbb94d20af1f8b0129c6523b1285091/1?pq-origsite=gscholar&cbl=18750&diss=y
51,The impact of intercultural training on the satisfaction and achievement of undergraduates taught by international teaching assistants,K Jensen,2007,,0,"Much has been done to prepare international teaching assistants to teach Americanundergraduates, but very little has been done to help the undergraduates learn effectively from …",https://digitalcommons.odu.edu/urbanservices_education_etds/75/
52,Discipline-specific practica for international teaching assistants,"GJ Gorsuch- English for Specific Purposes, 2006",N/A,Elsevier,0,"A topic of continued discussion has been whether international teaching assistant (ITA)education is best done within academic departments, or within university-wide programs …",https://www.sciencedirect.com/science/article/pii/S088949060500061X
53,[B]Working with an accent: The aesthetic labour of international teaching assistants in Ontario universities,VA Ramjattan- 2019,N/A,search.proquest.com,0,"International teaching assistants (ITAs) in North American English-medium universities oftenwork with an accent. In one sense, to work with an accent entails doing one’s work while …",https://search.proquest.com/openview/44b51fedd0ba2660acf01d88a85bdbbd/1?pq-origsite=gscholar&cbl=18750&diss=y
54,Translingual identity as pedagogy: International teaching assistants of English in college composition classrooms,"X Zheng - The Modern Language Journal, 2017",N/A,Wiley Online Library,0,The article aims to expand the scope of research on international teaching assistants (ITAs)by foregrounding identities as pedagogical resources. Employing an ethnographic multiple …,https://onlinelibrary.wiley.com/doi/abs/10.1111/modl.12373
55,"[B]Crossing Pedagogical Oceans: International Teaching Assistants in US Undergraduate Education. ASHE-ERIC Higher Education Report No. 8, 1992.",RM Smith,1992,,0,"Despite complaints from undergraduate students concerning language and pedagogicalskills of international teaching assistants (ITAs), institutions of higher education continue to …",https://eric.ed.gov/?id=ED358810
56,The Foreign TA: A Guide to Teaching Effectiveness.,"JL Gburek, SC Dunnett",1986,,0,"Articles on teaching effectiveness for foreign teaching assistants (TAs) are presented. Topicsinclude: adapting to the US academic environment, understanding the role of the TA and …",https://eric.ed.gov/?id=ED285512
57,[CITATION][C]Undergraduates' Ratings of Domestic and International Teaching Assistants: Timing of Data Collection and Communication Intervention.,"RA Smith, RE Strom, N Muthuswamy - Journal of Intercultural Communication …, 2005",N/A,N/A,0,,N/A
58,[B]Improving theinternational teaching assistant experience: An evaluative study of a training program,SG Stevens- 1988,N/A,search.proquest.com,0,This study evaluated the effectiveness of the University of Delaware's International TeachingAssistant Training (ITA) Program in preparing its participants for their roles as classroom …,https://search.proquest.com/openview/0ab24849c99fe87ca86eddf3e916e002/1?pq-origsite=gscholar&cbl=18750&diss=y
59,The diversity discourse and language ideologies around international teaching assistants,"JS Kim - Critical Discourse Studies, 2020",N/A,Taylor & Francis,0,"… In conformity with the state mandate, the SEP was administering anoralproficiencytest to …achieve a highly advanced level of Englishlanguageproficiencyas well as high fluency in the …",https://www.tandfonline.com/doi/abs/10.1080/17405904.2019.1661860
60,Beyond language barriers: Teaching self-efficacy among East Asian international teaching assistants.,"E Kim - International Journal of Teaching and Learning in …, 2009",N/A,ERIC,0,"… emphasis placed on the testing of ITAs’oralproficiency. It is not uncommon for international… In addition, teachers’ perceptions of theirlanguageproficiencyand not necessarily the …",https://eric.ed.gov/?id=EJ899303
61,[B]The relationship between English proficiency of foreign teaching assistants and their perceived teaching effectiveness at the University of South Carolina,GP Moses,1991,,0,This study sought to investigate the notion that foreign teaching assistants are inferior tonative teaching assistants principally because of deficiencies in use of the English Language. …,https://search.proquest.com/openview/5c55584b6a9a4d3dc0ae5f9bda1bd360/1?pq-origsite=gscholar&cbl=18750&diss=y
62,Chinese Biology Teaching Assistants' Perception of their English Proficiency: An Exploratory Case Study.,"X Jiang- Qualitative Report, 2014",N/A,researchgate.net,0,… The problem in this study was to explore the perceptions of EnglishlanguageproficiencyofChinese Biology TAs concerning their lab teaching at a public university in Southern United …,https://www.researchgate.net/profile/Xuan-Jiang-26/publication/287956230_Chinese_Biology_Teaching_Assistants'_Perception_of_their_English_Proficiency_An_Exploratory_Case_Study/links/5f18532945851515ef3e5d69/Chinese-Biology-Teaching-Assistants-Perception-of-their-English-Proficiency-An-Exploratory-Case-Study.pdf
63,Predicting success for international teaching assistants in a US university,"G Yule, P Hoffman - TESOL Quarterly, 1990",N/A,Wiley Online Library,0,"In this analysis of the performance of 233 international graduate assistants during a 2‐yearperiod, we attempted, via Test of English as a Foreign Language (TOEFL) and Graduate …",https://onlinelibrary.wiley.com/doi/abs/10.2307/3586900
64,[B]Non-native teachers' directives in English: A comparative analysis of the academic discourse of native speaker and Korean teaching assistants,E Hwang,2013,,0,This dissertation investigates directive language behaviors of Korean teaching assistants (KTAs)in relation to native speaker teaching assistants (NSTAs) in classrooms and lab …,https://search.proquest.com/openview/bbc5a07a0c77d0cd185e670f0c39c308/1?pq-origsite=gscholar&cbl=18750
65,[B]International teaching assistants—from admissions to placement,CA Ernst,2008,,0,"… Upon arrival, graduate students who have been offered a teaching assistantship are oftentested fororalproficiency. Theoralproficiencytesting of ITAs requires a balance of competing …",https://search.proquest.com/openview/79ee26bb7be5e0696dc15cfa176dfa43/1?pq-origsite=gscholar&cbl=18750
66,[B]An investigation of communication patterns and strategies between international teaching assistants and undergraduate students in university-level science …,BE Gourlay,2008,,0,… on-going complaints about thelanguageproficiencyand communication skills of international… There were no spokenlanguageproficiencyevaluation procedures and no specialized …,https://search.proquest.com/openview/f7043596662848d8334548e19d791e2c/1?pq-origsite=gscholar&cbl=18750
67,[B]The needs and challenges of international teaching assistants (ITAs) in the US classroom and the effective and professional training strategies for ITAs,X Wang,2022,,0,"The United States has been the most popular destination for international students to pursuetheir academic goals due to its quality of the higher education system, welcoming culture, …",https://search.proquest.com/openview/a04d8942d5f253412536bd6b7d549243/1?pq-origsite=gscholar&cbl=18750&diss=y
68,[CITATION][C]Legal and policy issues in thelanguage proficiencyassessment of international teaching assistants,"K Brown, P Fishman, N Jones",1990,,0,,N/A
69,[CITATION][C]International teaching assistants' professional identity development in the United States: A multiple case study perspective,"H Wang, M Mantero - EFL Journal, 2018",N/A,N/A,0,,N/A
70,[B]ITALanguage ProficiencyTesting: Recommended Replacement for the Speak® Test,AM Stoughton,2019,,0,… orallanguageproficiency…oralproficiencyassessment and which should be maintained infuture testing instruments. The findings of this paper provide a structure for ITAoralproficiency…,https://search.proquest.com/openview/81cdee97529c1d953bfb6d87636dd36c/1?pq-origsite=gscholar&cbl=18750&diss=y
71,[B]ITALanguage ProficiencyTesting: Recommended Replacement for the Speak® Test,AM Stoughton,2019,,0,… orallanguageproficiency…oralproficiencyassessment and which should be maintained infuture testing instruments. The findings of this paper provide a structure for ITAoralproficiency…,https://search.proquest.com/openview/81cdee97529c1d953bfb6d87636dd36c/1?pq-origsite=gscholar&cbl=18750&diss=y
72,16 Teaching Pronunciation to International Teaching Assistants,"R Oreto - English Pronunciation Teaching: Theory, Practice and …, 2023",N/A,books.google.com,0,"… As nonnative English speakers, they are often required by state law to pass alanguageassessmentin order to be cleared to work as international teaching assistants (ITAs). …",https://books.google.com/books?hl=en&lr=&id=h3GLEAAAQBAJ&oi=fnd&pg=PT224&dq=(%22Foreign+teaching+assistant*%22+OR+%22International+teaching+assistant*%22+OR+%22Non-native+teaching+assistant*%22)+AND+(%22speaking+assessment*%22+OR+%22rubric*%22+OR+%22language+proficiency%22+OR+%22oral+proficiency%22+OR+%22language+assessment%22+OR+%22accent+assessment%22+OR+%22intelligibility+assessment%22)+-Italian+-lingua&ots=JzUt32NK7_&sig=WCBDmpO837tmAtKpEspjoy-EAXY
73,Ratings of L2 oral performance in English: Relative impact of rater characteristics and acoustic measures of accentedness,O Kang- 2008,N/A,openscholar.uga.edu,0,… scholarship in the field of L2 orallanguageassessment. The first part of this section hasdiscussed the historical trends inlanguageassessment. The second part of this literature review …,https://openscholar.uga.edu/record/9511
74,Technology Enhanced Accent Modification (TEAM) for International Teaching Assistants (ITAs).,AH Schwartz,1996,,0,… multimedia software to improve theoralproficiencyof international teaching assistants (ITAs…perform better on objective measures oforalproficiency. Appendices include demographic …,https://eric.ed.gov/?id=ED414836
75,Understanding Undergraduate Students' Perceptions of International Teaching Assistants,AA Khan- 2013,N/A,opensiuc.lib.siu.edu,0,"… , demonstrated that while ITAs appear to have an adverse effect on the academic performanceof native students, the effect does not seem to be due to the lack oflanguageproficiency…",https://opensiuc.lib.siu.edu/cgi/viewcontent.cgi?referer=&httpsredir=1&article=1762&context=dissertations
76,"Expectations, perspectives and experiences: investigations into teaching and learning among international teaching assistants and undergraduate students",CBM de Oca,1913,,0,International teaching assistants (ITAs) play an increasingly significant role in providingundergraduate instruction at the large research-based institution that I will call Lakeside …,https://asset.library.wisc.edu/1711.dl/SXBLVRBMU4J3Y8Z/R/file-37e5c.pdf
77,A thematic analysis of international teaching assistants' stigma experience in a US university: English-proficiency determinism,"Y Zhu,MJ Bresnahan- Journal of International and Intercultural …, 2021",N/A,Taylor & Francis,0,The current study adopted a thematic-analysis approach to investigate 14 internationalteaching assistants’ (ITAs) stigma experience in a US university. Link and Phelan’s (2001. …,https://www.tandfonline.com/doi/abs/10.1080/17513057.2020.1762110
78,[B]The training of international graduate teaching assistants in southern research universities,BC Martinson,1990,,0,… English as a Second Language |EP: lntensive English Program - generally refers to aprogram set up to improve Englishlanguageproficiencyin non-native speakers of English. They …,https://search.proquest.com/openview/e726f60c36e60648bb4a103d76ff9d10/1?pq-origsite=gscholar&cbl=18750&diss=y
79,The role of the Language Assistant in Spanish Bilingual Education: A Literature Review,P Cruzado Sánchez,2025,,0,"Every year, thousands of language assistants come to schools in Spain with the main objectiveof improving students’ oral communication and cultural knowledge of the countries they …",https://burjcdigital.urjc.es/items/4de1a0ea-5a6e-4f55-8421-06f910142cb7
80,Wyoming/NAFSA Institute on Foreign TA Training. Working Papers. Volume II.,JC Constantinides,1988,,0,"This document presents some 20 papers on projects conducted by Foreign Teaching Assistant(FTA) participants in the areas of academic/pedagogical issues, cross-cultural issues, …",https://eric.ed.gov/?id=ED358805
81,Foreign teaching assistant trainingand orientation pilot project,"C Chaudron, M Pennington,J Brown- 1987",N/A,scholarspace.manoa.hawaii.edu,0,"… standardized written English test (such as the TOEFL here at UHM) and since written testscores are not necessarily good predictors oforalproficiency, some of the FTAs selected may …",https://scholarspace.manoa.hawaii.edu/bitstreams/a6c2ba65-ba9d-4516-a35f-0a7388d7b181/download
82,HowInternational Teaching Assistant ProgramsCan Prevent Lawsuits.,N Oppenheim,1997,,0,"… opportunity for professional development because oforalproficiencydeficits. Instead, these… 'oralproficiencyis tested. Second, they must provide evidence that theoralproficiency…",https://eric.ed.gov/?id=ED408886
83,The effects of a technology-supported training system on second language use strategies for international teaching assistants,S Zha- 2006,N/A,mospace.umsystem.edu,0,"… university where this study was conducted, those ITAs had taken theOralProficiencyTest.Their scores fell in the intermediatelanguageproficiencylevel (lower than 4 out of 5 score). …",https://mospace.umsystem.edu/xmlui/handle/10355/4480
84,Adapting to a new role as aninternational teaching assistant:Influenceof communicative competence in this adaptation process,E Bengu- 2009,N/A,rave.ohiolink.edu,0,"For a variety of reasons, US higher education has employed an increasing number ofinternational teaching assistants (ITAs) to teach undergraduate courses in science, engineering, …",https://rave.ohiolink.edu/etdc/view?acc_num=ucin1242771286
85,Undergraduates' experiences with and attitudes toward international teaching assistants,"BS Plakans - TESOL quarterly, 1997",N/A,Wiley Online Library,0,"… These investigators found that the undergraduates complained most aboutlanguageproficiency, communication of information, and delivery. Both the undergraduates and the ESL …",https://onlinelibrary.wiley.com/doi/abs/10.2307/3587976
86,[B]An investigation of selected variables as predictors of success on the SPEAK and TEACH tests,RBLF Fagundes,1994,,0,"The main purpose of this study was to identify a pool of discriminating variables to be used aspredictors of success on the SPEAK and TEACH tests, which are tests given to prospective …",https://search.proquest.com/openview/a3ac1c47f17f549b54c03c4384cca947/1?pq-origsite=gscholar&cbl=18750&diss=y
87,Discourse structure and the perception of incoherence in international teaching assistants' spoken discourse,"A Tyler - Tesol Quarterly, 1992",N/A,Wiley Online Library,0,Work by discourse analysts shows that listeners' interpretation of discourse is determinednot only by a speaker's pronunciation and grammar but also by discourse‐level patterns of …,https://onlinelibrary.wiley.com/doi/abs/10.2307/3586870
88,Investigation of international teaching assistants' perceptions of their teaching self-efficacy and their understanding of culturally responsive teaching pedagogy: a case …,Q Chen,2019,,0,"… and many of them showed dissatisfaction about ITAs’languageproficiencyor teaching …languageproficiencyas the top priority, and only one study mentions the necessity of …",https://baylor-ir.tdl.org/items/ab086926-6f33-4f7d-8624-9b7478b268aa
89,International teaching assistant development: Embracing the “I” in ITA,D Cozzarelli,2022,,0,"International Teaching Assistants (ITAs) straddle multiple worlds with a complex nexus ofidentity positions, including content expert, language novice, graduate student and teacher, yet …",https://search.proquest.com/openview/291228f15cd4a9cd7d2850dba6225e97/1?pq-origsite=gscholar&cbl=18750&diss=y
90,[B]Student linguistic response to perceived foreignness of teaching assistants,TV McCone,1993,,0,… Chapter One examines the problem of international teaching assistant (ITA)languageproficiencyin classes at American universities and explores the roles of speaker and listener in …,https://search.proquest.com/openview/bacb228b5e5b3cfa72ec54d763b0a08d/1?pq-origsite=gscholar&cbl=18750&diss=y
91,Approaches to Teaching and Self-Reported English-Proficiency of Non-native English Speaking Faculty from Higher Education Institutions in Pennsylvania,ES Ramirez,2011,,0,… level of acculturation) determine the Englishlanguageproficiencyof a non-native speaker.… teaching approaches becauselanguageproficiencyhas an impact on teaching behavior: …,https://search.proquest.com/openview/f40c5fd922e5123222f9f76a0fa39731/1?pq-origsite=gscholar&cbl=18750
92,Understanding US undergraduate students' perceptions of international teaching assistants,"AA Khan,M Mallette- The CATESOL Journal, 2019",N/A,escholarship.org,0,"… The purpose of this test is to assess the ITA’soralproficiency. Although there is no referenceto assessing the teaching ability of the ITA on the score sheet, members of the testing team …",https://escholarship.org/uc/item/3fr339sv
93,Exploring Fulbright foreign language teaching assistants' pedagogical growth in United States universities,"N Mpofu- The Journal for Transdisciplinary Research in Southern …, 2024",N/A,journals.co.za,0,"This research addresses the scarcity of studies examining how participants in higher educationexchange programmes, specifically the Fulbright Foreign Language Teaching Assistant (…",https://journals.co.za/doi/abs/10.4102/td.v20i1.1392
94,"University of Wyoming/NAFSA Institute on Foreign TA Training. Working Papers, Volume III.",R Smith,1989,,0,"… But our experience during the past few years, coupled with the research, some of which isreported in this volume, have shown thatlanguageproficiencyis not the simple answer to the …",https://eric.ed.gov/?id=ED403829
95,A prosodic corpus of teaching assistant classroom speech: Discourse intonation and information structure,I Edalatishams- 2022,N/A,search.proquest.com,0,"For over four decades, International Teaching Assistants (ITAs) have faced criticism byundergraduate students for their linguistic and teaching abilities. One area of research on ITAs’ …",https://search.proquest.com/openview/e9b48b9bf431b99d6b50537b9ff3595b/1?pq-origsite=gscholar&cbl=18750&diss=y
96,An investigation into the effects of topic and background knowledge of topic on second language speaking performance assessment inlanguage proficiency…,N Khabbazbashi- 2013,N/A,ora.ox.ac.uk,0,… on spoken performance inlanguageproficiencyinterviews. It … measure of general Englishlanguageproficiency. Four raters … compared to generallanguageproficiencywhich accounted …,https://ora.ox.ac.uk/objects/uuid:359c8956-4561-43a8-a7ae-eba1e0dab51c
97,The educational cultures of international teaching assistants and US universities,"GJ Gorsuch- Tesl-Ej, 2003",N/A,tesl-ej.org,0,US higher education has employed an increasing number of international teaching assistants(ITAs) to teach undergraduate courses. This increase has been matched by concerns …,https://tesl-ej.org/wordpress/issues/volume7/ej27/ej27a1/?wscr
98,"Cultural, professional and personal influences on the teaching identity development of international teaching assistants",GM Williams- 2006,N/A,openscholar.uga.edu,0,… and Englishlanguageproficiency. …languageproficiencyfor teaching is a major focus ofmost ITA curricula. This section will describe the various components oflanguageproficiency…,https://openscholar.uga.edu/record/7521
99,"[B]International Teaching Assistants' Lived Experiences, Perceptions of Support, and Career Goals: A Phenomenological Inquiry",CA Hamstra- 2019,N/A,search.proquest.com,0,International graduate teaching assistants (ITAs) and their domestic counterparts play integralroles at institutions of higher education because they are responsible for teaching and …,https://search.proquest.com/openview/64db7fadeafe1413b7cbc7368bda8046/1?pq-origsite=gscholar&cbl=18750&diss=y
100,[B]Verbal and nonverbal immediacy: Sex differences and international teaching assistants,T Saechou,2005,,0,"This dissertation explains theory and research concerning international teaching assistants,intercultural communication, nonverbal and verbal immediacy, cognitive, affective, and …",https://search.proquest.com/openview/9d82d13cb5c8ac4c3ad85df8aafdb9d1/1?pq-origsite=gscholar&cbl=18750&diss=y
101,Analyse des besoins langagiers d'assistants d'enseignement internationaux poursuivant des études supérieures en sciences et en génie et des implications en …,Z Mahdavi,2016,,0,Cette étude se veut une analyse des besoins langagiers d'étudiants diplômés étrangerstravaillant en tant qu'assistants d'enseignement internationaux (AEI) dans des programmes de …,https://corpus.ulaval.ca/entities/publication/22c94959-d6a3-40c6-a2f9-98ae37b05ea6
102,[CITATION][C]THE GRADUATE SCHOOL SYRACUSE UNIVERSITY,TA English,N/A,N/A,0,,N/A
103,Mandating English proficiency for college instructors: States' responses to the TA problem,"K King - Vand. J. Transnat'l L., 1998",N/A,HeinOnline,0,… at universities rather than state-wide governing boards; (2) it focuses on non-native ratherthan native speakers; (3) it mandates assessment only of oral Englishlanguageproficiency…,https://heinonline.org/hol-cgi-bin/get_pdf.cgi?handle=hein.journals/vantl31&section=13
104,Cornell University Center for Teaching Innovation: A Study on the Program for Improving Graduate Students' Teaching Ability,"W Yi - International Journal of Educational Review, 2025",N/A,janfs-journals.org,0,… All TAs from countries where English is not the first language must take a 30-minutelanguageassessment. This assessment is anoralproficiencyinterview divided into two parts. In the …,https://www.janfs-journals.org/index.php/ijer/article/view/22
105,Beyond proficiency: An asset-based approach tointernational teaching assistant training,"LM Swan, S Kramer, A Gopal, L Shi… - The Journal of Faculty …, 2017",N/A,search.proquest.com,0,This study assesses an asset-based approach to international teaching assistant (ITA)training at a public research institution. The program is a peer mentorship-based learning …,https://search.proquest.com/openview/f4befe944d0481a2195e3d510728d70e/1?pq-origsite=gscholar&cbl=39886
106,Understanding theinternational teaching assistant trainingprogram: A case study at a northwestern research university,"C Jia, AA Bergerson - International Education, 2008",N/A,trace.tennessee.edu,0,… are admitted to the workshop based on theiroralproficiencyas determined by the SET. Theone-week program is offered twice a year prior at the beginning of fall and spring semesters. …,https://trace.tennessee.edu/internationaleducation/vol37/iss2/8/
107,Investigating the effects of discipline and first-language backgrounds on ITAs' instructional discourse patterns,"H Chang- … Journal of English for Academic Purposes …, 2024",N/A,liverpooluniversitypress.co.uk,0,"Using a multidimensional analysis (MDA), this study aimed to increase the understanding ofinternational teaching assistants’ (ITAs’) instructional language use by analyzing co-…",https://www.liverpooluniversitypress.co.uk/doi/abs/10.3828/ijeap.2024.2
108,Transplanting Writing Pedagogy Education:International Teaching Assistant Experiences,C Givens,2024,,0,"Since ITAs teach many first-year writing classes, finding the best way to support them is crucialto their success as instructors and the students they teach. Many go on to teach classes in …",https://rave.ohiolink.edu/etdc/view?acc_num=bgsu1709049820826211
109,[B]Training American undergraduates forinternational teaching assistant instruction: A program analysis,JL Lucas-Uygun,1996,,0,"… rather than just getting a new ITA with betteroralproficiencyis a radical and unpopular one.… instruments often used to assess thelanguageproficiencyof ITAs: the SPEAK test, the OPI (…",https://search.proquest.com/openview/e976d38037e414415c8cfb55b3866535/1?pq-origsite=gscholar&cbl=18750&diss=y
110,The ITA problem: A ready-to-use simulation,"GB Halleck - Simulation & Gaming, 2008",N/A,journals.sagepub.com,0,"… international graduate students are required to earn their scholarships by teachingundergraduate courses and arises because of a combination of issues, including theoralproficiency…",https://journals.sagepub.com/doi/abs/10.1177/1046878107308060
111,Culture Shock Encountered in American Classrooms by a First-Time TeachingInternational Teaching Assistant Dung(Davy) Tran,"CSEBYA FIRST, TT ITA",2018,,0,… Not onlyoralproficiencybut also other aspects could prevent ITAs from teaching successfully.Yusa (1998) believes that “[s]tudent perceptions of the professor are affected by the …,https://www.midtesol.org/docs/Journal2018/ITAs.pdf
112,[CITATION][C]Beyond Language: Reframing theForeign Teaching Assistant InstructionThrough Materiality Perspective,"YIJU LAI- The Modern Language Journal, 2022",N/A,Wiley Online Library,0,… have drafted and implemented language policies requiring nonnative-English-speakingTAs to be additionally screened and tested to ensure adequatelanguageproficiencylevels. At …,https://onlinelibrary.wiley.com/doi/abs/10.1111/modl.12788
113,The extent to which TOEFL iBT speaking scores are associated with performance on oral language tasks and oral ability components for Japanese university students,"GJ Ockey, D Koyama,E Setoguchi… - Language Testing, 2015",N/A,journals.sagepub.com,0,"… is to provide an objective measure of academicoralproficiency. Scores are used to aid in …the students and the curriculum, they are also meant to be measures of L2oralproficiency. …",https://journals.sagepub.com/doi/abs/10.1177/0265532214538014
114,Language assessmentand the inseparability of lexis and grammar: Focus on the construct of speaking,"U Römer- Language Testing, 2017",N/A,journals.sagepub.com,0,"… researchers’ understanding oflanguageproficiency, in other … a speaker’s spokenlanguageproficiency, refers to errors of … begun to look atlanguageproficiencymore holistically and …",https://journals.sagepub.com/doi/abs/10.1177/0265532217711431
115,Sources of Conflict inInternational Teaching Assistant(ITA) Training Programs.,G De Berly,1997,,0,This study examined sources of conflict in international teaching assistant (ITA) trainingprograms for graduate students from abroad using a survey of 10 research and doctoral …,https://eric.ed.gov/?id=ED423777
116,Using Generalizability Theory to examine error variance in the SPEAK scoring rubric.,"JR GEVARA - International Journal of Language Studies, 2013",N/A,search.ebscohost.com,0,"Created in response to laws passed requiring international students to be locally assessedfor English proficiency, the Speaking Proficiency English Assessment Kit test (SPEAK] is still …",https://search.ebscohost.com/login.aspx?direct=true&profile=ehost&scope=site&authtype=crawler&jrnl=21574898&AN=93580662&h=T2en4Nhlp%2Bw89t7HFtHcyZ8Qhy06oo5IkE6QpMQZnvoid%2Fla1EsgTwqVLSEfJ%2FI6bcOpkw%2FI2McSiWeIBYlhmA%3D%3D&crl=c
117,Judgingoral proficiency: Can the naive judge determine standardized test scores (Test of Spoken English) through an interview process,GL Freeman,1996,,0,… The results indicate that the policy of having chairs judgeoralproficiencyis inconsistentand … base oforalproficiencyexaminations by researching the following specific areas: …,https://search.proquest.com/openview/8299ea3b48b1e9af7bdae98d4234c129/1?pq-origsite=gscholar&cbl=18750&diss=y
118,Using reflective dialogic blogs with international teaching assistants,"E Arshavskaya- Writing & Pedagogy, 2016",N/A,utppublishing.com,0,… five of the six students reported engaging in the reflective dialogic blogs to be helpful inimproving theirlanguageproficiency. Some of the students pointed to their increased confidence …,https://utppublishing.com/doi/abs/10.1558/wap.26725
119,"Language assessmentas a system: Best practices, stakeholders, models, and testimonials","N Avineri, Z Londe,B Hardacre, L Carris… - Issues in Applied …, 2010",N/A,escholarship.org,0,… the multiple ways thatlanguageassessmentis not a tool but a … of issues related tolanguageassessmentthrough their … model forlanguageassessment(the Test ofOralProficiencyat …,https://escholarship.org/content/qt9c20c0wn/qt9c20c0wn.pdf
120,International Teaching Assistant(ITA) Education and EMI,A Kuwamura,N/A,researchmap.jp,0,"… sessions to judge the preparedness of ITA trainees for their TA roles in terms of comprehensibility,fluency, teaching approaches, etc. by means of testing Englishlanguageproficiency…",https://researchmap.jp/urakane16/presentations/39768835/attachment_file.pdf
121,Relative Impact of Pronunciation Features on Ratings of Non-Native Speakersâ€™Oral Proficiency,"O Kang- Pronunciation in Second Language Learning and …, 2012",N/A,iastatedigitalpress.com,0,… )oralproficiencyis still uncertain. The current study has investigated to what extent errors invarious pronunciation features predict the ratedoralproficiencyof … €™oralproficiency. The …,https://www.iastatedigitalpress.com/psllt/article/id/15198/
122,[B]Instructional technology ininternational teaching assistant training,H Crumley,2006,,0,International teaching assistant (ITA) training programs are offered at universities to provideEnglish language support and to develop cultural and classroom teaching skills. To date …,https://search.proquest.com/openview/ff948e6398782772e858df432da6a3d7/1?pq-origsite=gscholar&cbl=18750&diss=y
123,[B]The art of nonconversation: A reexamination of the validity of theoral proficiencyinterview,M Johnson,2008,,0,"… one, and it represents the main focus of the book: Is theOralProficiencyInterview a validinstrument for assessing language speaking proficiency? The second is a theoretical one: What …",https://books.google.com/books?hl=en&lr=&id=D9btjk-00iEC&oi=fnd&pg=PP7&dq=(%22Foreign+teaching+assistant*%22+OR+%22International+teaching+assistant*%22+OR+%22Non-native+teaching+assistant*%22)+AND+(%22speaking+assessment*%22+OR+%22rubric*%22+OR+%22language+proficiency%22+OR+%22oral+proficiency%22+OR+%22language+assessment%22+OR+%22accent+assessment%22+OR+%22intelligibility+assessment%22)+-Italian+-lingua&ots=WKpVtLqLpF&sig=-AsqXfaCyEyXMubtILg1YtOecGE
124,Temple University's ITA placement test in times of COVID-19,"E Wagner, A Krylova -Language AssessmentQuarterly, 2021",N/A,Taylor & Francis,0,"When the COVID-19 pandemic made it impossible to do in-person, on campus testing, wewere forced to create a new system to screen International Teaching Assistants (ITA) for …",https://www.tandfonline.com/doi/abs/10.1080/15434303.2020.1862849
125,"Multiple layers of meaning in anoral proficiencytest: The complementary roles of nonverbal, paralinguistic, and verbal behaviors in assessment decisions","S Jenkins, I Parra - The Modern Language Journal, 2003",N/A,Wiley Online Library,0,… of interactive talk during the assessment of anoralproficiencyinterview test. The participantswere 4 Spanish… Implications fororalproficiencytesting and ESL instruction are discussed. …,https://onlinelibrary.wiley.com/doi/abs/10.1111/1540-4781.00180
126,An integrated approach to teaching assistant training and orientation,"R Kane, C Gonzalez-Lenahan, M Kerley… - … Annual Conference & …, 2007",N/A,peer.asee.org,0,"… The approach includes a combination of short courses, seminars, regular coursework,languageproficiencyevaluation, and faculty developed policy in cooperation with academic …",https://peer.asee.org/1678.pdf
127,Current Approaches to International TA Preparation in Higher Education: A Collection of Program Descriptions.,"G Bauer,M Tanner- 1994",N/A,ERIC,0,"… Section 2 presents a comparison of oral Englishlanguageproficiencyrequirements at theuniversities, including an analysis of the tests used to determine such proficiency. Section 3 …",https://eric.ed.gov/?id=ED371654
128,An overview of COVID-19's impact on English language university admissions and placement tests,"GJ Ockey-Language AssessmentQuarterly, 2021",N/A,Taylor & Francis,0,The COVID-19 pandemic led to rapid innovation amonglanguageassessmentdeveloperswho had to adapt their testing processes to address various restrictions from governments …,https://www.tandfonline.com/doi/abs/10.1080/15434303.2020.1866576
129,"Interpreting the relationships between TOEFL iBT scores and GPA:Language proficiency, policy, and profiles","A Ginther,X Yan- Language Testing, 2018",N/A,journals.sagepub.com,0,"…language-proficiencycut scores. Until 2012, Purdue’s undergraduate admissions officersscreened applicants only on thelanguageproficiency… a level of Englishlanguageproficiency…",https://journals.sagepub.com/doi/abs/10.1177/0265532217704010
130,"Dominance in academic writing tutorials: Gender,language proficiency, and the offering of suggestions","T Thonus - Discourse & Society, 1999",N/A,journals.sagepub.com,0,"… Tutor gender and tutee gender andlanguageproficiency, as well as the interaction of the …These results suggest that institutional context outweighs gender andlanguageproficiency…",https://journals.sagepub.com/doi/abs/10.1177/0957926599010002005
131,Answering questions in LPIs: A case study,"AW He - … approaches to the assessment oforal proficiency, 2011",N/A,degruyterbrill.com,0,… well as language learning andlanguageassessment. It has … through which the ITA's L2oralproficiencyis exhibited. The … participant inlanguageproficiencyinterviews means in part …,https://www.degruyterbrill.com/document/doi/10.1075/sibil.14.08he/html
132,[CITATION][C]What Can Pronunciation Researchers Learn From Research into Second Language Writing?,"U Knoch- Second language pronunciation assessment, 2017",N/A,N/A,0,,N/A
133,[CITATION][C]Word clustering effect on vocabulary learning of EFL learners: A case of semantic versus phonological clustering,"SMR Amirian,M Bonjakhi… - Teaching English as …, 2018",N/A,Shiraz University Press,0,,N/A
134,Journal writing in the training of international teaching assistants,"I Stevenson, S Jenkins - Journal of Second Language Writing, 1994",N/A,Elsevier,0,"… are critical for success, namelylanguageproficiency, cross-cultural communication skills, …Results showed that the students' major focus of concern waslanguageproficiencyand the …",https://www.sciencedirect.com/science/article/pii/1060374394900108
135,Critical analysis on TOEFL ITP as alanguage assessment,"W Taufiq,DR Santoso,N Fediyanto- … Conference on Intellectuals …, 2018",N/A,atlantis-press.com,0,"The evaluation of the use of TOEFL as alanguageassessmentis the main concern to bestudied on this paper. Using qualitative method, the researchers evaluate some specific …",https://www.atlantis-press.com/proceedings/icigr-17/25890878
136,The TOEFL test of spoken English and the genesis of an ETS approach to speaking assessment,"L Davis - Challenges and innovations in speaking assessment, 2024",N/A,taylorfrancis.com,0,… Englishlanguageproficiencyneeded to conduct anoralproficiencyinterview. Ensuringrigorous training of examiners to administer and score the test was also considered impractical: …,https://www.taylorfrancis.com/chapters/edit/10.4324/9781315201504-4/toefl-test-spoken-english-genesis-ets-approach-speaking-assessment-larry-davis
137,The interactive demonstration of interactional competence in the ITA TEACH Test,S Wagner,2014,,0,"This paper reports on a work-in-progress that examines a high-stakes teaching and orallanguage performance assessment known as the TEACH test, in which international teaching …",https://repository.upenn.edu/handle/20.500.14332/49539
138,"Englishlanguage assessmentpolicies, programs, and test instruments for health sciences at the University of Minnesota",M King,2014,,0,… the following: A high level oflanguageproficiencyis needed to succeed in university …minimum test scores on an Englishlanguageproficiencyassessment instrument can ensure that a …,https://conservancy.umn.edu/bitstreams/a680386a-0ae7-4566-82ba-e9190bc356d6/download
139,Testing AcademicLanguage Proficiency,ST Cushing,N/A,ets.org,0,This report provides an in-depth comparison of TOEFL iBT® and the Duolingo English Test (DET)in terms of the degree to which both tests assess academiclanguageproficiencyin …,https://www.ets.org/Media/Research/pdf/RR-25-01.pdf
140,EFL Female College Students and Instructors' Preferred Method ofSpeaking Assessment:APerspective from Saudi Arabia.,"R Al-Jarf- Online Submission, 2021",N/A,ERIC,0,… focused on standardized tests such as the IELTS and TOEFL [1-5] and on specificpurposespeaking tests such as the Occupational English Test for assessing thelanguageproficiency…,https://eric.ed.gov/?id=ED616903
141,A comparison of American and international students lifestyles and perceptions of the university experience,"SS Minchew, MB Couvillion - National Forum of Applied …, 2010",N/A,nationalforum.com,0,… Workshops designed specifically for the international teaching assistant often concentratesolely onlanguageproficiency. While the ITAs need assistance with these skills and strategies…,"http://www.nationalforum.com/Electronic%20Journal%20Volumes/Minchew,%20Sue%20S.%20A%20Comparison%20of%20American%20and%20International%20Students%20Lifestyles%20and%20Perceptions%20of%20the%20University%20Experience.pdf"
142,Englishlanguage proficiencyand academic achievement of international students: A meta-analysis,R Wongtrirat- 2010,N/A,digitalcommons.odu.edu,0,"… a relationship between Englishlanguageproficiencyand academic achievement of internationalstudents in the United States. In this study, Englishlanguageproficiencyreferred to the …",https://digitalcommons.odu.edu/efl_etds/180/
143,[B]A practical guide tolanguage assessment: How do you know that your students are learning?,"I Porter-Szucs, CJ Macknish, S Toohey",2025,,0,"… We hope that users of this book will find it the practical guide tolanguageassessmentthatwe have intended it to be. We also hope that with its help, our readers will always be able to …",https://books.google.com/books?hl=en&lr=&id=7zU_EQAAQBAJ&oi=fnd&pg=PR7&dq=(%22Foreign+teaching+assistant*%22+OR+%22International+teaching+assistant*%22+OR+%22Non-native+teaching+assistant*%22)+AND+(%22speaking+assessment*%22+OR+%22rubric*%22+OR+%22language+proficiency%22+OR+%22oral+proficiency%22+OR+%22language+assessment%22+OR+%22accent+assessment%22+OR+%22intelligibility+assessment%22)+-Italian+-lingua&ots=MItVTG6Onh&sig=5_46vHv4N2vCASLaKHWBosYOYY0
144,An investigation of the impact of jagged profile on L2 speaking test ratings: Evidence from rating and eye-tracking data,"W Ma,P Winke-Language AssessmentQuarterly, 2022",N/A,Taylor & Francis,0,"The factors that influence rater scoring have been a subject of great interest to researchersin secondlanguageassessment. However, the research on the impact of test-takers’ speech …",https://www.tandfonline.com/doi/abs/10.1080/15434303.2022.2078720
145,A Pre-Needs Analysis ofOral ProficiencyGoals in the ELI,"J Hatcher,M Morrison- 1997",N/A,scholarspace.manoa.hawaii.edu,0,… Initial goal T.he goal of this study was to look at the ELI program's policies and performanceregardingoralproficiency. It was initially hoped that an abbreviated needs analysis involving …,https://scholarspace.manoa.hawaii.edu/handle/10125/20237
146,The Downside of TraditionalLanguage AssessmentImanuel Shah University of Education Heidelberg State Examination in Primary Education Matriculation …,K Vogt- researchgate.net,N/A,N/A,0,… In this article we are going to examinelanguageassessment… on what traditionallanguageassessmentis and exemplifies … the problems of traditionallanguageassessment. Here we will …,https://www.researchgate.net/profile/Imanuel-Shah/publication/333670880_The_Downside_of_Traditional_Language_Assessment/links/5cfd70ad4585157d159fe1cf/The-Downside-of-Traditional-Language-Assessment.pdf
147,VALIDITY EVIDENCE: UNDERGRADUATE STUDENTS'PERCEPTIONS OF TOEFL IBT HIGH SCORE SPOKEN RESPONSES,"M Dalman,O Kang- International Journal of Listening, 2023",N/A,Taylor & Francis,0,This study investigated US undergraduates’ perceptions of non-native speakers’ (NNS)speech which had received 100% proficiency scores on the TOEFL iBT test. Fifty-five US …,https://www.tandfonline.com/doi/abs/10.1080/10904018.2021.1929993
148,"A comparison of computer assisted and face-to-facespeaking assessment:Performance, perceptions, anxiety, and computer attitudes",E Öztekin,2011,,0,"Computer technology has long been applied to language testing as a time and cost efficientway to conveniently assess the proficiency of large numbers of students. Thus, a good deal …",https://search.proquest.com/openview/bf55c62da15f1ca425d6d55f71734aba/1?pq-origsite=gscholar&cbl=2026366&diss=y
149,[CITATION][C]Under controlled conditions: The ITA as laboratory assistant,"C Myers, B Plakans - Preparing the professoriate of …, 1991",N/A,"Kendall/Hunt Dubuque, IA",0,,N/A
150,Testing AcademicLanguage Proficiency: Comparing the TOEFL iBT® Test and the Duolingo English Test,"S Cushing- ETS Research Report Series, 2025",N/A,rr.ets.org,0,"… both tests assess academiclanguageproficiencyin listening, … provide evidence of generallanguageproficiency, the input to … represent the construct of academiclanguageproficiency. …",https://rr.ets.org/index.php/etsrr/article/view/4
151,"Theoretical models, assessment frameworks and test construction","M Chalhoub-Deville - Language Testing, 1997",N/A,journals.sagepub.com,0,"… 1994) presents a hierarchical representation, somewhat along the lines of Bachman’s (1990a), wherebylanguageproficiencyis broken down to delineate various grammar domains …",https://journals.sagepub.com/doi/abs/10.1177/026553229701400102
152,Investigating the influences on the teaching identity of international teaching assistants,"G Williams- Identity and second language learning: Culture …, 2007",N/A,books.google.com,0,Integrating international instructors into the faculties of United States colleges anduniversities constitutes an outstanding opportunity for maintaining the academic quality of the …,https://books.google.com/books?hl=en&lr=&id=-fknDwAAQBAJ&oi=fnd&pg=PA305&dq=(%22Foreign+teaching+assistant*%22+OR+%22International+teaching+assistant*%22+OR+%22Non-native+teaching+assistant*%22)+AND+(%22speaking+assessment*%22+OR+%22rubric*%22+OR+%22language+proficiency%22+OR+%22oral+proficiency%22+OR+%22language+assessment%22+OR+%22accent+assessment%22+OR+%22intelligibility+assessment%22)+-Italian+-lingua&ots=Kh0o3xfVXy&sig=E3fNKFbxeU9p5K86GrcvzN7IvfM
153,The impact of positive and negative messages on change in attitude toward international teaching assistants.,"MI Bresnahan,MS Kim- Folia Linguistica, 1993",N/A,researchgate.net,0,1. GOAL OF THE STUDY Many undergraduates entering colleges and universities in theUnited States have little or no experience in communicating with people from other countries. …,https://www.researchgate.net/profile/Mary-Bresnahan/publication/249928950_The_impact_of_positive_and_negative_messages_on_change_in_attitude_toward_international_teaching_assistants/links/00b49522664bd70a0f000000/The-impact-of-positive-and-negative-messages-on-change-in-attitude-toward-international-teaching-assistants.pdf
154,At the Interface of Language Testing and Language Teaching: An Interview with Lianzhen He,"S Min -Language AssessmentQuarterly, 2025",N/A,Taylor & Francis,0,"…languageProficiency. This system consists of five components, including the development ofForeignLanguageProficiency… comprehensive Englishlanguageproficiencytesting system …",https://www.tandfonline.com/doi/abs/10.1080/15434303.2025.2459291
155,Managing anxiety: A case study of aninternational teaching assistant's interactionwith American students,"J Zhou- Journal of International Students, 2014 Vol. 2 (2), 2019",N/A,books.google.com,0,This case study utilizes structuration theory to explore the complexities in the academicinteraction between a Chinese international teaching assistant (ITA) and her American students. …,https://books.google.com/books?hl=en&lr=&id=LUa4DwAAQBAJ&oi=fnd&pg=PA177&dq=(%22Foreign+teaching+assistant*%22+OR+%22International+teaching+assistant*%22+OR+%22Non-native+teaching+assistant*%22)+AND+(%22speaking+assessment*%22+OR+%22rubric*%22+OR+%22language+proficiency%22+OR+%22oral+proficiency%22+OR+%22language+assessment%22+OR+%22accent+assessment%22+OR+%22intelligibility+assessment%22)+-Italian+-lingua&ots=Xo1BkXY1_E&sig=QvWsOQ0KlT468PCLcbQC3WvjmiQ
156,[CITATION][C]THE ISSUE: International Teaching Assistants in Higher Education: New Perspectives and Possibilities,"M Bigelow- The Modern Language Journal, 2022",N/A,Wiley Online Library,0,… have drafted and implemented language policies requiring nonnative-English-speakingTAs to be additionally screened and tested to ensure adequatelanguageproficiencylevels. At …,https://onlinelibrary.wiley.com/doi/abs/10.1111/modl.12783
157,Improving the Traditional Testing Methods in Learning Foreign Languages,"V Pachovski,S Dimova… - … ISSN 1857-7288, 2012",N/A,proceedings.ictinnovations.org,0,… A four-item oral language test was designed to measure Englishoralproficiencyamongundergraduate and post-graduate students. The software development had four main goals: (1) …,https://proceedings.ictinnovations.org/attachment/paper/57/improving-the-traditional-testing-methods-in-learning-foreign-languages.pdf
158,Analyzing item bias to validate and revise an ITA performance test,"DT Griffee, J Gevara - Pronunciation in Second Language …, 2011",N/A,iastatedigitalpress.com,0,"… His research and career interests are in secondlanguageassessmentand secondlanguage program evaluation. Email: jeremy.gevara@ttu.edu Mailing address: Jeremy Gevara, …",https://www.iastatedigitalpress.com/psllt/article/id/15190/
159,Reimagining ITA training: promoting student-scholars' agency,"N Sahranavard,Q Du- ELT Journal, 2022",N/A,academic.oup.com,0,The practice of international teaching assistant (ITA) training across US institutions has beencentred around a traditional model of native speakerism that expects ITAs to acquire the …,https://academic.oup.com/eltj/article-abstract/76/4/476/6501650
160,International Students' Levels of EnglishLanguage Proficiencyand Academic Achievement at One US Historically Black University: a Snapshot,B Zua,2019,,0,… based on their levels oflanguageproficiencyat one historically Black college and university(HBCU) in the southern region of the United States.Languageproficiencyfor this study was …,https://search.proquest.com/openview/e569e1c9be2f0c63cfccdb38fd2c9794/1?pq-origsite=gscholar&cbl=18750&diss=y
161,Understanding the role of likeability in the peer assessments of university students' oral presentation skills: A latent variable approach,"V Aryadoust-Language AssessmentQuarterly, 2017",N/A,Taylor & Francis,0,The purpose of the present study was twofold: (a) it examined the relationship between peer-ratedlikeability and peer-rated oral presentation skills of 96 student presenters enrolled in a …,https://www.tandfonline.com/doi/abs/10.1080/15434303.2017.1393820
162,The ITA Trainer: Advocate or Adversary.,G De Berly,1995,,0,"This paper examines the role of international teaching assistant (ITA) trainers withinAmerican universities, focusing on their interaction with university administrators, faculty, and …",https://eric.ed.gov/?id=ED390313
163,“Are You Into Beer Pong?” Exploring Question-Answer Sequences in an L2 Oral Performance Assessment,"V Timpe-Laughlin,I Park-Language AssessmentQuarterly, 2019",N/A,Taylor & Francis,0,"… Despite the widespread concern that yes/no questions limit L2 learners’ performance inlanguageassessmentcontexts by allowing only predetermined answers, this study has shown …",https://www.tandfonline.com/doi/abs/10.1080/15434303.2019.1609964
164,Grading between the lines: What really impacts professors' holistic evaluation of ESL graduate student writing?,"J Huang, CJ Foote -Language AssessmentQuarterly, 2010",N/A,Taylor & Francis,0,This study examines score variations and differences in the reliability of ratings betweenEnglish-as-a-second-language (ESL) and native English (NE) authored papers in a graduate …,https://www.tandfonline.com/doi/abs/10.1080/15434300903540894
165,Listeners and raters: Similarities and differences in evaluation of accented speech,"X Yan, A Ginther - Assessment in second language pronunciation, 2017",N/A,taylorfrancis.com,0,"… In this section, issues related to thelanguageproficiencyof international teaching assistants(ITAs) are examined to provide a historical context that will be familiar to most readers. As …",https://www.taylorfrancis.com/chapters/edit/10.4324/9781315170756-5/listeners-raters-xun-yan-april-ginther
166,[B]A comparative study of theoral proficiencyof Chinese learners of English: A discourse marker perspective,M Wei,2009,,0,Scope and Method of Study. This study investigates the use of discourse markers by Chinesecollege-level learners of English. It compares the use of discourse markers by students at …,https://search.proquest.com/openview/2970a3244a98da355309b0e3a58d36e9/1?pq-origsite=gscholar&cbl=18750
167,[B]The oh no! syndrome: A language expectation model of undergraduates' negative reactions toward foreign teaching assistants,N Rao,1994,,0,… Most of the research to date continues in the same vein with the assumption that the lack oflanguageproficiencyof foreign TAs is the primary cause of the Oh No ! Syndrome. Consistent …,https://search.proquest.com/openview/8bfbe7488e76b68d2168f7e0274da54d/1?pq-origsite=gscholar&cbl=18750&diss=y
168,Evaluating interactional competence in interview and paired discussion tasks: A rater cognition study,"S Vo- TESOL journal, 2021",N/A,Wiley Online Library,0,"… One of the widely used task types is theoralproficiencyinterview. In an interviewassessment, test-takers interact with a language tester who conducts the interview based on a …",https://onlinelibrary.wiley.com/doi/abs/10.1002/tesj.563
169,Language Barriers and the International Community,"N Garcia, G Roeder, FJ Saleh",2006,,0,"This project investigates the causes of language barriers, how they affect the academicperformance of international students and the teaching effectiveness of international teaching …",https://www.ideals.illinois.edu/items/2000
170,Emergent trends and research topics in language testing and assessment,"TE Toprak - Toprak Yildiz, TE (2019). Emergent Trends and …, 2019",N/A,papers.ssrn.com,0,"This study, which is of descriptive nature, aims to explore the emergent trends and researchtopics in language testing and assessment that have attracted increasing attention of …",https://papers.ssrn.com/sol3/papers.cfm?abstract_id=3698697
171,[CITATION][C]OIR EVALUATION ACTIVITIES,"JC Ory - Managing Colleges and Universities: Issues for …, 2000",N/A,Praeger,0,,N/A
172,Teachers' Techniques of Assessing English Speaking Skill in Limited Face to Face Learning,"R Marlenie,D Sofyan… - Edu-Ling: Journal of …, 2022",N/A,journals.unihaz.ac.id,0,The objectives of this research were to investigate teachers' techniques in assessing Englishspeaking skill in limited face-to-face learning and the challenges faced by the teachers in …,https://journals.unihaz.ac.id/index.php/edu-ling/article/view/2866
173,Implications of student evaluations of teaching for ITA development,"DD Hendel, T Dunham, J Smith, J Solberg, C Tzenis…",1992,,0,The present study evaluated the teaching effectiveness of international teaching assistants (ITAs) who participated in the TA English Program at the University of Minnesota. Student …,https://conservancy.umn.edu/bitstreams/d76e9558-364d-4e4a-9a88-7443b243b3b7/download
174,"Relationships Between Learning Strategies, Motivation, and theOral Proficiencyof ESL Students",KL McCrackin,1998,,0,… researchers have focused primarily on the effect of strategy use onlanguageproficiency. …relationships between these variables andoralproficiency. Although nwnerous studies have …,https://openresearch.okstate.edu/bitstreams/d8166806-0b67-4ec0-9552-1a68941afd24/download
175,[B]L2 interactional competence and development,"JK Hall,J Hellermann,SP Doehler- 2011",N/A,books.google.com,0,"Drawing on data from a range of contexts, including classrooms, pharmacy consultations,tutoring sessions, and video-game playing, and a range of languages including English, …",https://books.google.com/books?hl=en&lr=&id=awfPBQAAQBAJ&oi=fnd&pg=PR5&dq=(%22Foreign+teaching+assistant*%22+OR+%22International+teaching+assistant*%22+OR+%22Non-native+teaching+assistant*%22)+AND+(%22speaking+assessment*%22+OR+%22rubric*%22+OR+%22language+proficiency%22+OR+%22oral+proficiency%22+OR+%22language+assessment%22+OR+%22accent+assessment%22+OR+%22intelligibility+assessment%22)+-Italian+-lingua&ots=VbU2JSWUha&sig=NZC2sNumDyefHdIlkYcWdMp-9jQ
176,[B]Assessing the parallelism of four SPEAK test forms,DM Steele,2001,,0,"… Then a brief history oforalproficiencyassessment follows. This section includes a discussionof the operationalization of a theory forlanguageproficiency, a description of the Test of …",https://search.proquest.com/openview/fe55036955c009e0a58e5d2b634bc4f9/1?pq-origsite=gscholar&cbl=18750&diss=y
177,Directives used in college laboratory oral discourse,"J Tapper - English for Specific Purposes, 1994",N/A,Elsevier,0,An important feature of instructors' discourse in college laboratory sessions is the use ofdirectives in helping students to accomplish their work. The use of directives by a non-native …,https://www.sciencedirect.com/science/article/pii/0889490694900027
178,The foreign TA problem from an acquisition-theoretic point of view,"J Ard - English for Specific Purposes, 1987",N/A,Elsevier,0,The purpose of this paper is to relate research on second language acquisition and researchon the language problems of foreign teaching assistants and their remediation. On the one …,https://www.sciencedirect.com/science/article/pii/0889490687900184
179,Data collection in pragmatics research,G Kasper- 1999,N/A,scholarspace.manoa.hawaii.edu,0,"Authentic discourse, elicited conversation, and roleplay are types of spoken interaction;production questionnaires, multiple-choice, and scaled response instuments are survey methods …",https://scholarspace.manoa.hawaii.edu/bitstreams/3b3b4013-9ae5-4b7c-84b6-538650cb1d53/download
180,of Project,"CN Hsieh,P Winke- tirfonline.org",N/A,N/A,0,"… This dissertation project contributes to the field oflanguageassessment—the TIRF’sresearch priority for which the project was funded—in three main aspects. First of all, this study …",https://www.tirfonline.org/wp-content/uploads/2012/10/TIRF_DDG_2010_Hsieh-FINAL.pdf
181,Standard Setting in the Post-Modern Era for an ITA Performance Test.,"DT GRIFFEE, JR GEVARA - Texas Papers in Foreign …, 2011",N/A,search.ebscohost.com,0,The purpose of this study is to calculate a standard setting or cut-score for an InternationalTeaching Assistant (ITA) Performance Test using scores from two previous test …,https://search.ebscohost.com/login.aspx?direct=true&profile=ehost&scope=site&authtype=crawler&jrnl=08988471&AN=94084377&h=upEcJ64GF6PY%2BykQb807PUUvO03soXnTbuL3mtFwaYHClXbf8n021MADtgB7cHtTW5FGWQfzIBoS%2BdvcJqZugg%3D%3D&crl=c
182,An overview of the teaching assistant consultant program for developing competency in novice engineering graduate teaching assistants,"K Bubbar, A Dimopoulos,C Korpan… - Proceedings of the …, 2017",N/A,ojs.library.queensu.ca,0,"As engineering education strives to progress towards a student-centric learning model, acompetency gap with future educators becomes more apparent. In particular, the expectation of …",https://ojs.library.queensu.ca/index.php/PCEEA/article/view/7335
183,The Oh No! Syndrome: Understanding the Negative Reactions of Undergraduates toward Foreign Teaching Assistants.,N Rao,1993,,0,"… While it is important for foreign TAs to work harder to improve their Englishlanguageproficiencyand teaching skills, this paper focuses more on the role undergraduates can play in …",https://eric.ed.gov/?id=ED367021
184,Some typical problems in the training of Chinese teaching assistants: Three case studies,"E Christy, W Rittenberg - Wyoming/NAFSA institute on foreign TA training …, 1988",N/A,ERIC,0,"From an analysis of three case studies, this paper describes some of the most frequent,culturally-derived pedagogical problems and misunderstandings encountered by Chinese …",https://files.eric.ed.gov/fulltext/ED358805.pdf#page=108
185,Considering interlocutors in university discourse communities: Impacting US undergraduates' perceptions of ITAs through a structured contact program,"S Staples,O Kang, E Wittner - English for Specific Purposes, 2014",N/A,Elsevier,0,"In discussions of non-native speakers in ESP settings, the importance of discourse communitieshas been emphasized (eg, Hyland & Hamp-Lyons, 2002). Native speakers are often the …",https://www.sciencedirect.com/science/article/pii/S088949061400012X
186,[CITATION][C]Managing evaluations in higher education,"JC Ory - Managing colleges and universities: Issues for …, 2000",N/A,N/A,0,,N/A
187,"Book Review: Local Language Testing: Design, Implementation, and Development",NZ Bi- 2021,N/A,journals.sagepub.com,0,"… They are extremely useful if local needs are unlikely to be met by otherlanguageproficiencytests (eg, a large-scale language test). Although large-scale tests have continued to play a …",https://journals.sagepub.com/doi/abs/10.1177/0265532220957294
188,Friend or foe: Considering what pronunciation teachers can do that ChatGPT cannot,"E Lima, L Wallace - Proceedings of 14th Pronunciation in …, 2024",N/A,iastatedigitalpress.com,0,"… not only aids in pronunciation practice but can also enhance overalllanguageproficiency. …, where she teaches CALL,languageassessment, second language acquisition, and writing …",https://www.iastatedigitalpress.com/psllt/article/17652/galley/16237/view/
189,The Mirroring Project,"E Tarone, C Meyers - Speaking in a Second",N/A,torrossa.com,0,… of the high-stakes nature of the information being conveyed in the ITA-taught class–disciplinarycontent that a group of university students needs in order to pass anoralproficiency…,https://www.torrossa.com/gs/resourceProxy?an=5016633&publisher=FZ4850#page=210
190,Structural equation modeling to predict performance in English proficiency tests,"X Zhu,M Raquel,V Aryadoust- … forLanguage Assessment…, 2019",N/A,taylorfrancis.com,0,… inlanguageassessment. We will then review the literature on SEM inlanguageassessment… We propose a useful framework forlanguageassessmentresearch that comprises five steps…,https://www.taylorfrancis.com/chapters/edit/10.4324/9781315187808-5/structural-equation-modeling-predict-performance-english-proficiency-tests-xuelian-zhu-michelle-raquel-vahid-aryadoust
191,Structural equation modeling to predict performance in English proficiency tests,"X Zhu,M Raquel,V Aryadoust- … forLanguage Assessment…, 2019",N/A,taylorfrancis.com,0,… inlanguageassessment. We will then review the literature on SEM inlanguageassessment… We propose a useful framework forlanguageassessmentresearch that comprises five steps…,https://www.taylorfrancis.com/chapters/edit/10.4324/9781315187808-5/structural-equation-modeling-predict-performance-english-proficiency-tests-xuelian-zhu-michelle-raquel-vahid-aryadoust
192,Validity and classroom language testing: a practical approach,"F Giraldo- Colombian Applied Linguistics Journal, 2020",N/A,scielo.org.co,0,… The following hierarchy is an example of a classroomlanguageassessmentfor a listening… should observe how connected theirlanguageassessmentinstruments are to the skills of …,http://www.scielo.org.co/scielo.php?pid=S0123-46412020000200194&script=sci_arttext
193,"Chinese 101, a prerequisite to Math 100? A look at undergraduate students' beliefs about their role in communication with international teaching assistants",JA Damron,2000,,0,The purpose of this study was to look at the beliefs of native-English speaking undergraduatestudents towards their role in communication with their international teaching assistant (ITA…,https://search.proquest.com/openview/f1051fc3ac1698e325d1adce4542f3da/1?pq-origsite=gscholar&cbl=18750&diss=y
194,AC 2007-375: AN INTEGRATED APPROACH TO TEACHING ASSISTANT TRAINING AND ORIENTATION,"R Kane - age, 2007",N/A,scholar.archive.org,0,"… The approach includes a combination of short courses, seminars, regular coursework,languageproficiencyevaluation, and faculty developed policy in cooperation with academic …",https://scholar.archive.org/work/ulx45xpcunesvjg6eok2yz5cxu/access/wayback/https://peer.asee.org/1678.pdf
195,[B]Designing second language performance assessments,JM Norris- 1998,N/A,books.google.com,0,This volume focuses on the decision-making potential provided by second languageperformance assessments. The authors first situate performance assessment within a broader …,https://books.google.com/books?hl=en&lr=&id=ts6vMETpDDMC&oi=fnd&pg=PA1&dq=(%22Foreign+teaching+assistant*%22+OR+%22International+teaching+assistant*%22+OR+%22Non-native+teaching+assistant*%22)+AND+(%22speaking+assessment*%22+OR+%22rubric*%22+OR+%22language+proficiency%22+OR+%22oral+proficiency%22+OR+%22language+assessment%22+OR+%22accent+assessment%22+OR+%22intelligibility+assessment%22)+-Italian+-lingua&ots=7i-g_bl4-9&sig=rMgbY2MHarnpbggMQ4cjgmexEUQ
196,What do test-takers say? Test-taker feedback as input for quality management of a local oral English proficiency test,"X Yan,SP Thirakunkovit, NL Kauper… - …language assessmentof …, 2016",N/A,Springer,0,"… about semi-direct testing formats fororalproficiencytesting. Given that the Speaking … todemonstrate requiredlanguageproficiency, semi-directoralproficiencytesting can now be …",https://link.springer.com/chapter/10.1007/978-3-319-39192-2_6
197,Fluency and anxiety in self-access speaking tasks: The influence of environment,"G Kessler- Computer Assisted Language Learning, 2010",N/A,Taylor & Francis,0,"… For students in critical transitional placement situations based uponoralproficiency(suchas the ITAs in this study), any incremental improvement can be significant. Further, since these …",https://www.tandfonline.com/doi/abs/10.1080/09588221.2010.512551
198,English and technology as customers,"MA Julian - Orr, Thomas, Ed. English for Science and Technology …, 1995",N/A,ERIC,0,"The University Service Programs of the UniversIty of Pennsylvania English Language Programshave a very clear charge:"" to support University departments in their teaching, training, …",https://files.eric.ed.gov/fulltext/ED389174.pdf#page=37
199,Exploring the Construct Validity of Integrated Speaking Tasks: The Case of a Large-scale High-stakes Computer-based Listening-Speaking Task,"Y Zhou, K Bin, LJ Zhang",2025,,0,"… Based on the results of previous literature on integrated speaking assessment and secondlanguageassessment, a set of indexes would be used in several alternative hypothesized …",https://www.researchsquare.com/article/rs-7563159/latest
200,Interactional sociolinguistics as a multi-pronged approach to office hour rapport management,"H Nguyen - Journal of English for Academic Purposes, 2023",N/A,Elsevier,0,"This study proposes a multi-pronged approach for examining office hour (OH) rapportmanagement. Using an interactional sociolinguistic lens, I investigate how an international …",https://www.sciencedirect.com/science/article/pii/S1475158522001333
201,Effective Assessment Plan Leading to Strong Reform of Petroleum Engineering Graduate Program,"C Stockton,TD Gamadi,H Emadi- 2018 Gulf Southwest Section …, 2019",N/A,peer.asee.org,0,The Bob L. Herd Department of Petroleum Engineering at Texas Tech University has madea lot of significant actions of improvement to its graduate program that was motivated by a …,https://peer.asee.org/31569.pdf
202,On the factor structure (invariance) of the PhD UEE using multigroup structural equation modeling,"H Ravand, GR Rohani, F Faryabi - Teaching English as a Second …, 2018",N/A,jtls.shirazu.ac.ir,0,… The results supported the multi-componential view oflanguageproficiency. It was found thatthere is no relationship between levels oflanguageproficiencyand the structure of the test. …,http://jtls.shirazu.ac.ir/article_4881_42ee1136d74433b55de86ab9d5becc26.pdf
203,Considering What Pronunciation Teachers Can Do That ChatGPT Cannot,"EF Lima, L Wallace - Pronunciation in Second Language …, 2024",N/A,iastatedigitalpress.com,0,"… not only aids in pronunciation practice but can also enhance overalllanguageproficiency. …, where she teaches CALL,languageassessment, second language acquisition, and writing …",https://www.iastatedigitalpress.com/psllt/article/id/17652/
204,What's in a Name? Office of Graduate Education Versus Graduate School,"TJ Cummings,K Butler-Purry- Voices of Black Graduate Deans in …, 2025",N/A,emerald.com,0,"This chapter provided case studies outlining the pathways taken by two universities,Rochester Institute of Technology (RIT) and Texas A&M University (TAMU), to transition their …",https://www.emerald.com/insight/content/doi/10.1108/s1479-364420250000027005/full/html
205,"From a"" Sesame Street"" Model TA to a University TA: Investigation of anInternational Teaching Assistant's SecondLanguage Socialization over Time.","YIJUA WU - Language Education & Assessment, 2022",N/A,archives.castledown.com.au,0,"… , Duff &Uchida, 1997; Menard-Warwick, 2008; Kobayashi, Zappa-Hollman and Duff, 2017),new professional identities could be formed through meeting standards of L2oralproficiency…",https://archives.castledown.com.au/articles/LEA_1_2_77.pdf
206,The language policy of placement tests for newcomer English learners,"K King,M Bigelow- Educational Policy, 2018",N/A,journals.sagepub.com,0,"… This test is perhaps the least known, most widely used Englishlanguageassessmentin the… the first detailed analysis of the major Englishlanguageassessmentused with most US K-12 …",https://journals.sagepub.com/doi/abs/10.1177/0895904816681527
207,"Academia, English, and the International Student.",CW Schweers Jr,1993,,0,… This is due at least in part to the complexity of the concept oflanguageproficiencyand in …(and that) variables other thanlanguageproficiencyare important for international students' …,https://eric.ed.gov/?id=ED386935
208,Evaluating the impact of nonverbal behavior on language ability ratings,"JD Burton- Language Testing, 2024",N/A,journals.sagepub.com,0,"… behavior can impactlanguageproficiencyscores in speaking tests, but there is little empiricalinformation of the size or consistency of its effects or whetherlanguageproficiencymay be …",https://journals.sagepub.com/doi/abs/10.1177/02655322241255709
209,The influence of a teaching assistant orientation on teaching assistant perceptions of self-efficacy,"KA Rosse-Richards, JD Velasquez… - 2013 ASEE Annual …, 2013",N/A,peer.asee.org,0,"The Influence of a Teaching Assistant Orientation on Teaching Assistant Perceptions of Self-EfficacyIntroduction:Graduate students at large, research-intensive institutions are often …",https://peer.asee.org/the-influence-of-a-teaching-assistant-orientation-on-teaching-assistant-perceptions-of-self-efficacy
210,"[CITATION][C]A collaborative approach to ITA training: The ITAs, faculty, TAs, undergraduate interns, and undergraduate students","J Civikly, D Muchisky - Preparing the professoriate of …, 1991",N/A,"Kendall/Hunt Dubuque, IA",0,,N/A
211,"[CITATION][C]A collaborative approach to ITA training: The ITAs, faculty, TAs, undergraduate interns, and undergraduate students","J Civikly, D Muchisky - Preparing the professoriate of …, 1991",N/A,"Kendall/Hunt Dubuque, IA",0,,N/A
212,Communication Differences between Native and Non-Native Instructors as Perceived by US Students.,R Ma- 1993,N/A,ERIC,0,"… Though being recognized as an asset to US education, non-native instructors were expectedto improve theirlanguageproficiencyand cultural understanding. A student's previous …",https://eric.ed.gov/?id=ED367011
213,The Mirroring Project: Improving suprasegmentals and intelligibility in ESL presentations,"E Tarone, C Meyers - Speaking in a second language, 2018",N/A,degruyterbrill.com,0,"The Mirroring Project (Lindgren et al., 2003; Meyers, 2013, 2014) is a pedagogical optionhelping those who speak in a second language to improve their intelligibility in a holistic, …",https://www.degruyterbrill.com/document/doi/10.1075/aals.17.09tar/html
214,"A Descriptive Study of Communication and Teaching Strategies Used by Two Types of International Teaching Assistants at the University of Minnesota, and Their …",D Gokcora,1989,,0,"A two-part study examined the use of communication strategies by two types of internationalteaching assistants (ITA) in the classroom, and cultural perceptions of teaching and teachers…",https://eric.ed.gov/?id=ED351730
215,Effects of pragmatic task features on temporal measures of Chinese ESL and EFL,"L Cheng - Advancing the Field ofLanguage Assessment, 2014",N/A,cambridgeenglish.org,0,"… Iwashita, N, McNamara, T and Elder, C (2001) Can we predict task difficulty in anoralproficiencytest? Exploring the potential of an information-processing approach to task design, …",https://www.cambridgeenglish.org/Images/735117-studies-in-language-testing-volume-46.pdf#page=100
216,Self-regulation in the IEP classroom: Developing lifelong Englishlanguage proficiency,J Slayton,2014,,0,"… Therefore, non-native speakers of English may benefit from having the capabilities thatenable them to continue to increaselanguageproficiencyindependently. With college …",https://digitalcommons.lib.uconn.edu/dissertations/627/
217,Language Education & Assessment,YIJUA WU,2018,,0,"… , Duff &Uchida, 1997; Menard-Warwick, 2008; Kobayashi, Zappa-Hollman and Duff, 2017),new professional identities could be formed through meeting standards of L2oralproficiency…",https://www.academia.edu/download/71863054/22.pdf
218,Enhancement of communication competence: a model for a program for international teaching faculty at the University of North Dakota,LS Goldstone,1995,,0,The purpose of this study was to develop a model for a faculty development program toenhance the English communication competence of international teaching faculty (ITF) at the …,https://commons.und.edu/theses/3772/
219,The effectiveness of computer-assisted pronunciation training,"N Stenson, B Downing, J Smith, K Smith - Calico Journal, 1991",N/A,utppublishing.com,0,The IBM SpeechViewer was used in tutorial sessions within a program of training for internationalteaching assistants (ITAs) to examine the value of computer-based displays of speech …,https://utppublishing.com/doi/abs/10.1558/cj.v9i4.5-19
220,The attitudes of university students towards non-native speakers English teachers in Hong Kong,"CY Ling, G Braine - RELC journal, 2007",N/A,journals.sagepub.com,0,"… and teaching practice (behavior), most of the differences in teaching practice could beattributed to the discrepancy inlanguageproficiency, and both NS and NNS could be equally …",https://journals.sagepub.com/doi/abs/10.1177/0033688207085847
221,The construction of discourse by nonnative speakers: Introduction,"K Bardovi-Harlig, BS Hartford - Studies in Second Language …, 1995",N/A,cambridge.org,0,This thematic issue on the construction of discourse by nonnative speakers brings togetherpapers from a variety of perspectives. The papers illustrate how our understanding of various …,https://www.cambridge.org/core/journals/studies-in-second-language-acquisition/article/construction-of-discourse-by-nonnative-speakers/A927F82FB18EA377336F3FE9F146C35B
222,The Growth of an Emerging Field: A history of ESL program development at the University of Minnesota,FM Canestorp,2014,,0,This paper examines the history of ESL program development at the university level beginningwith a broad view and then focusing on specific programs at the University of Minnesota-…,https://conservancy.umn.edu/items/a749e722-97e4-43b4-9d5f-6308c3cb6398
223,[B]The Effect of Pause Duration on Intelligibility of Non-Native Spontaneous Oral Discourse,RF Lege- 2012,N/A,search.proquest.com,0,"… 100ms cut-off point, adding that 100 ms is sufficiently low for capturing all possible pausesthat may influencelanguageproficiencyratings (p. 39). Other researchers, however, have …",https://search.proquest.com/openview/905ebda22aa9ea76c5b8a4be0bd389b9/1?pq-origsite=gscholar&cbl=18750&diss=y
224,Everyone Is an Academic English Learner: Interactive Support in Mainstream Classrooms,"K Park- Purdue Journal of Service-Learning and International …, 2017",N/A,docs.lib.purdue.edu,0,"This article is a report on an English language learner (ELL) teacher’s mainstream classobservations, coteaching experiences with a local language arts teacher, and surveying with …",https://docs.lib.purdue.edu/pjsl/vol4/iss1/21/
225,Are we doing enough when mentoring our TAs and ITAs?,AD Lytle,N/A,huichawaii.org,0,How often are TAs and ITAs given a teaching assistantship and expected to be a successfulteacher without the benefit of any pedagogical knowledge. This paper describes a concept …,http://huichawaii.org/assets/lytle_alan_are_we_doing_enough_when_mentoring_our_tas_and_itas_ahs2014.pdf
226,Development and evaluation of a virtual reality environment for the Oral English Certification Test,S Kurt- 2025,N/A,search.proquest.com,0,… This study contributes to the field oflanguageassessmentby demonstrating how Chapelle’s(2021) validity argument framework can guide a validation study of a fully immersive VR-…,https://search.proquest.com/openview/ac08d527c1e9a62b4d36d7bc51edda6c/1?pq-origsite=gscholar&cbl=18750&diss=y
227,Stereotyped English language use and identity in Asian teaching assistants: A poststructuralist perspective,"H Wang- RELC Journal, 2020",N/A,journals.sagepub.com,0,"Informed by Poststructuralist Theory, this study investigated the impact of stereotypednotions of English on three doctoral Asian teaching assistants’ (TAs) professional identities …",https://journals.sagepub.com/doi/abs/10.1177/0033688218815703
228,Evaluating TOEFL ITP Test: A Critical Review,"AA Dalimunte,A Tika… - Humanitatis …, 2023",N/A,journal.universitasbumigora.ac.id,0,"… The critical objective of this present study is to conduct substantial evaluation of TOEFLas alanguageassessmenttool. Using a qualitative method, the authors of the present study …",https://journal.universitasbumigora.ac.id/humanitatis/article/view/2329
229,Discourse Marking and Elaboration and the Comprehensibility of Second Language Speakers.,J Williams,1990,,0,"… components of the speakers'languageproficiencyand ability to explain on a scale of 0 to3, with a total possible score of 18. Clearly, on thelanguageproficiencyportions, the NSs …",https://eric.ed.gov/?id=ED335940
230,Enhancing communication between ITAs and US undergraduate students,"O Kang, M Moran - A transdisciplinary approach to international …, 2019",N/A,researchgate.net,0,"… that US undergraduates often have toward ITAoralproficiencyand teaching competence. …multi-faceted issue that deals not only withoralproficiencyand intelligibility, but also attitudes …",https://www.researchgate.net/profile/Okim-Kang/publication/338274368_5_Enhancing_Communication_between_ITAs_and_US_Undergraduate_Students/links/616e4072951b3574c6675cfe/5-Enhancing-Communication-between-ITAs-and-US-Undergraduate-Students.pdf
231,Short-And Long-Term Word Clustering Effect on Vocabulary Learning of EFL Learners: A Case of Semantic Versus Phonological Clustering,"SM RezaAmirian,M Bonjakhi… - Journal of Teaching …, 2018",N/A,academia.edu,0,"… nature and dimensionality oflanguageproficiency. There is no clear consensus about thedefinition, nature as well as the dimensionality oflanguageproficiencyconstruct. According to …",https://www.academia.edu/download/61037081/2018__Amirian__Bonjakhi__Sabbaghzadeh20191027-41071-p65ocu.pdf
232,Curriculum Renewal in Training Programs for International Teaching Assistants.,R Young- 1990,N/A,ERIC,0,"… , based on five persistent problem areas: lack of a model for effective ITA training, inadequateprogram evaluation, doubts about the validity of a co:-,only-usedlanguageproficiencytest, …",https://eric.ed.gov/?id=ED317067
233,[B]Testing speaking ability in academic contexts: Theoretical considerations,D Douglas- 1997,N/A,ets.org,0,"… They also need to use cognitive academiclanguageproficiency(CALP) to participate in …This two-way continuum adds a developmental aspect to the notion oflanguageproficiency, …",https://www.ets.org/Media/Research/pdf/RM-97-01.pdf
234,Validity and Classroom Language Testing: A Practical Approach1 La validez y la evaluación de lenguas en el aula de idiomas: un enfoque práctico,F Giraldo,N/A,revistas.udistrital.edu.co,0,… The following hierarchy is an example of a classroomlanguageassessmentfor a listening… should observe how connected theirlanguageassessmentinstruments are to the skills of …,https://revistas.udistrital.edu.co/index.php/calj/article/download/15998/16702/98577
235,"Something Old, Something New, Something Borrowed, Something....: Piloting a Computer Mediated Version of the Michigan Listening Comprehension Test","GJ Gorsuch, T Cox - Tesl-Ej, 2000",N/A,tesl-ej.org,0,"When commercially produced proficiency tests are used to make decisions such as exemptionfrom or retention in language programs, it is necessary to conduct analyses on the test …",https://tesl-ej.org/wordpress/issues/volume4/ej16/ej16a2/
236,The utility of objective (computer) measures of the fluency of speakers of English as a second language,"D Rekart, P Dunkel - Applied Language Learning, 1992",N/A,books.google.com,0,"… One standardized test oflanguageproficiencythat includes an assessment of oral fluencyis the SPEAK test, a disclosed form of the Test of Spoken English (TSE). Both the SPEAK and …",https://books.google.com/books?hl=en&lr=&id=NUmfx5fw-GAC&oi=fnd&pg=PA65&dq=(%22Foreign+teaching+assistant*%22+OR+%22International+teaching+assistant*%22+OR+%22Non-native+teaching+assistant*%22)+AND+(%22speaking+assessment*%22+OR+%22rubric*%22+OR+%22language+proficiency%22+OR+%22oral+proficiency%22+OR+%22language+assessment%22+OR+%22accent+assessment%22+OR+%22intelligibility+assessment%22)+-Italian+-lingua&ots=NgoyH8Eeuu&sig=wGlTb5wySMmrzFLHNSk-bcFU_Kw
237,Feigned incompetence: The pitfalls of evaluating Miranda comprehension in non-native speakers of English,"A Pavlenko- Language and Law/Linguagem E Direito, 2021",N/A,ojs.letras.up.pt,0,"… In this paper, I discuss a case where two experts evaluatedlanguageproficiencyof thesame suspect and arrived at radically different conclusions regarding her ability to understand …",https://ojs.letras.up.pt/index.php/LLLD/article/view/10966
238,Understanding community linguistic diversity: An ecological approach to examining language use patterns of international graduate students,EC Cassell,2007,,0,This descriptive study examines the characteristics and language use patterns of multilingualinternational graduate students to create a description of the way they function linguistically …,https://search.proquest.com/openview/b726bfc359695e7627c5b3ee167ae040/1?pq-origsite=gscholar&cbl=18750
239,PROPOSTA DE PROGRAMA DE DESENVOLVIMENTO PROFISSIONAL FLEXÍVEL PARA INSTRUTORES INTERNACIONAIS EM UNIVERSIDADES …,"G da Silva Felix, G Payne,B Cooper,X Hu…",N/A,researchgate.net,0,"Instrutores internacionais, adequadamente preparados, são de grande valor para umauniversidade. Esses acadêmicos trazem conhecimento, conteúdo e disposição para aceitar …",https://www.researchgate.net/profile/Bruno-Figueiredo-13/publication/352173031_PROPOSTA_DE_PROGRAMA_DE_DESENVOLVIMENTO_PROFISSIONAL_FLEXIVEL_PARA_INSTRUTORES_INTERNACIONAIS_EM_UNIVERSIDADES_BRASILEIRAS/links/60bd2a50299bf10dffa1364a/PROPOSTA-DE-PROGRAMA-DE-DESENVOLVIMENTO-PROFISSIONAL-FLEXIVEL-PARA-INSTRUTORES-INTERNACIONAIS-EM-UNIVERSIDADES-BRASILEIRAS.pdf
240,Rethinking the role of communicative competence in language teaching,"M Celce-Murcia - Intercultural language use and language learning, 2007",N/A,Springer,0,In the mid-1990s I had many discussions with colleagues concerning the role of ‘communicativecompetence’in language teaching and applied linguistics. These discussions resulted …,https://link.springer.com/content/pdf/10.1007/978-1-4020-5639-0.pdf#page=46
241,What is missing in the international teaching assistants training curriculum?,"J Zhou- The Journal of Faculty Development, 2009",N/A,ingentaconnect.com,0,"… Although the current curriculum has become more comprehensive, improvinglanguageproficiencyhas continued to be the top priority. In light of multicultural and postmodern perspec…",https://www.ingentaconnect.com/content/magna/jfd/2009/00000023/00000002/art00003
242,Predictive validity of TOEFL scores on first term's GPA as the criterion for international exchange students,Z Yan,1995,,0,… 05);(e)Oralproficiencyinterviews scores have a negligible level of predictive validity (ΔR²=. …investigation of the relationship betweenlanguageproficiencyand academic achievement. …,https://open.library.ubc.ca/soa/cIRcle/collections/831/items/1.0078086
243,From the other side of the desk: Conversations with international students about teaching in the US,"MJ Bresnahan,DH Cai- Qualitative Research Reports in …, 2000",N/A,researchgate.net,0,"Based on conversations with thirty outstanding international teaching assistants, factorswhich contributed to their success in teaching in the US were identified. For the most part, the …",https://www.researchgate.net/profile/Mary-Bresnahan/publication/256082664_Bresnahan_M_J_Cai_D_H_2000_From_the_other_side_of_the_desk_Conversations_with_international_students_about_teaching_in_the_U_S_Qualitative_Research_Reports_in_Communication_4_1-15/links/0deec521cbe9e5c71c000000/Bresnahan-M-J-Cai-D-H-2000-From-the-other-side-of-the-desk-Conversations-with-international-students-about-teaching-in-the-U-S-Qualitative-Research-Reports-in-Communication-4-1-15.pdf
244,Employment and Education of Teaching Assistants. Institutional Responsibilities and Responses. Readings from a National Conference.,"NVN Chism, SB Warner",1987,,0,"… Public and institutional concerns for ITAs have highlighted the need for attention tolanguageproficiency, sensitivity to cultural differences, and pedagogical skills for all TM. …",https://eric.ed.gov/?id=ED292783
245,Foreigners in our midst: Resources for internationalizing the sociology major,"KS Crittenden - Teaching Sociology, 1994",N/A,JSTOR,0,"Given the imperative to develop the international awareness of our students, and given theprominence of the foreign TA (FTA) on the landscape of undergraduate education, lack of …",https://www.jstor.org/stable/1318605
246,Perceived Needs of Nonnative English Speaking Students in MA TESOL Programs.,KA Johnson,N/A,ERIC,0,"… ,languageproficiencyand empowerment in the professional community? With the exceptionoflanguageproficiency, … of self-confidence,languageproficiency, and empowerment in the …",https://eric.ed.gov/?id=ED457687
247,How to teach intonation to EFL students: A focus on communicative teaching methods,"MÁM Segarra - Fòrum de Recerca, 2017",N/A,pdfs.semanticscholar.org,0,"The purpose of this article is to provide an account on how to teach pronunciation to EFLlearners, with a special focus on intonation as combined with requests. The intention of this …",https://pdfs.semanticscholar.org/3fdd/92cbcde9bc85653cb86806584760f9b92d2d.pdf
248,[CITATION][C]DYNAMIC EVALUATION AND TEST OF ORALS: DIGITAL EFFICACY ON UNIVERSITY UNDERGRADUATES'PERFORMANCE IN SOUTHWEST NIGERIA,"BO Faloye, KT Ajisola - International Journal of Social Science, 2023",N/A,N/A,0,,N/A
249,Reducing international graduate students' language anxiety through oral pronunciation corrections,"EJE Lee - System, 2016",N/A,Elsevier,0,"… Her results indicated that anxiety is the most crucial predictor of L2oralproficiencydevelopment, and that it is most often brought on by interaction with native speakers of English. …",https://www.sciencedirect.com/science/article/pii/S0346251X15001840
250,Challenges in Academic Speaking for Non-Native Speakers: The Case of Libyan Students Studying in Malaysia.,"AAS Halali,L Ismail,A Abd Samad… - … Journal of Social …, 2022",N/A,journals-jd.upm.edu.my,0,"… The academic speaking challenges faced by the Libyan international students in this studyare due tolanguageproficiency, insufficient discipline content knowledge, and low levels of …",http://www.journals-jd.upm.edu.my/resources/files/Pertanika%20PAPERS/JSSH%20Vol.%2030%20(S1)%202022%20(View%20Full%20Journal).pdf#page=57
251,An Analysis of Linguistic Discrimination: Undergraduate Reactions to Nonnative Instructors,S Hansen,2012,,0,The following paper details a project begun with goals of eliciting and analyzing Universityof Michigan undergraduate opinions of nonnative English-speaking graduate student …,https://deepblue.lib.umich.edu/bitstream/handle/2027.42/91835/hansensa.pdf?sequence=1
252,Navigating the contact zone: Postcolonial graduate teaching assistants' experiences in a UK higher education institution,"J Collins- Teaching in Higher Education, 2021",N/A,Taylor & Francis,0,"International Graduate Teaching Assistants (GTAs) have often been characterised as lackingtraining, skills, Englishlanguageproficiencyand knowledge of the ‘host’ education system. …",https://www.tandfonline.com/doi/abs/10.1080/13562517.2021.1881774
253,Using TOEFL sub-scores to predict SPEAK test outcome: A multivariate Bayesian model,"V Mercado - 2017 Systems and Information Engineering …, 2017",N/A,ieeexplore.ieee.org,0,"… The TOEFL Internet-based Test (TOEFL iBT) is currently the most widely used Englishlanguageassessmentin the world, serving as an integral component of applications to institutions …",https://ieeexplore.ieee.org/abstract/document/7937714/
254,[CITATION][C]The impact in-class activities in an academic communication skills class for international teaching assistants (ITAs) have on avoiding miscommunication in …,E Tremmel,2005,,0,,N/A
255,Doing Standard Setting for an In-House High-Stakes Speaking Performance Test,G Gorsuch- researchgate.net,N/A,N/A,0,"Standard setting is the means by which we connect test scores to learner performance. Thisis important, as we need standard setting in order to set cut scores for high-stakes tests. We …",https://www.researchgate.net/profile/Greta-Gorsuch/publication/328342284_Doing_Standard_Setting_with_a_Spoken_Performance_Test_in_a_Single_Program/links/601eba76299bf1cc26abeb1e/Doing-Standard-Setting-with-a-Spoken-Performance-Test-in-a-Single-Program.pdf
256,Questioning in TOEFL iBT speaking test: a case of washback and construct underrepresentation,"A Sayyadi,R Rezvani- Language Testing in Asia, 2021",N/A,Springer,0,"… Historically, critical decisions have been made about English learners’ and users’languageproficiencybased on their performance on high-stakes tests. The results obtained from high-…",https://link.springer.com/article/10.1186/s40468-021-00137-2
257,[B]The impact of attitudes and values on the instructional performance of international teaching assistants,CA Numrich,1991,,0,INFORMATION TO USERS Page 1 INFORMATION TO USERS This manuscript has beenreproduced from the microfilm master. UMI films the text directly from the original or copy …,https://search.proquest.com/openview/91c6b1429a0b0acbf668e6998a161a11/1?pq-origsite=gscholar&cbl=18750&diss=y
258,Improving the Impact of Undergraduate English Language TAs at a Top Global University,"P Sevigny, L Stilp, K Jones, A Bankole - APU Journal of Language …, 2021",N/A,jstage.jst.go.jp,0,This article reports on a year-long Faculty Initiative Project (FIP) aimed at reforming a TopGlobal Universityʼs English as a Foreign Language (EFL) Teaching Assistant (TA) program in …,https://www.jstage.jst.go.jp/article/apujlr/6/0/6_154/_article/-char/ja/
259,Assessing Speaking Skills in Virtual Reality: Impacts and Implications.,"A Lee - English Teaching, 2025",N/A,ERIC,0,"… Despite its significance, research on authenticity inlanguageassessmentin general hasbeen insufficient. For example, Hasrol, Zakaria, and Aryadous (2022) systematically reviewed …",https://eric.ed.gov/?id=EJ1477004
260,[CITATION][C]Intelligibility of Misplaced Lexical Stress,C Bappe,2020,,0,,N/A
261,Empowering Learners: A Win-Win,"DK Davies, S Gonzalez - Student Affairs Professionals …, 2017",N/A,books.google.com,0,… US higher education institutions tend to focus on acculturating international students anddeveloping their Englishlanguageproficiencyto the point that international students may be …,https://books.google.com/books?hl=en&lr=&id=Sg8rDwAAQBAJ&oi=fnd&pg=PA23&dq=(%22Foreign+teaching+assistant*%22+OR+%22International+teaching+assistant*%22+OR+%22Non-native+teaching+assistant*%22)+AND+(%22speaking+assessment*%22+OR+%22rubric*%22+OR+%22language+proficiency%22+OR+%22oral+proficiency%22+OR+%22language+assessment%22+OR+%22accent+assessment%22+OR+%22intelligibility+assessment%22)+-Italian+-lingua&ots=tTzWMCGXN8&sig=Nlt9SJpvjO4pA6iIW_NpnC5f490
262,The balanced equation to training chemistry ITAs,"MW Tanner, S Selfe, D Wiegand - Innovative Higher Education, 1993",N/A,Springer,0,… often do not satisfy an institution'slanguageproficiencyrequirements for ITAs and thus are… not met the university's Englishlanguageproficiencyrequirement to increase their language …,https://link.springer.com/article/10.1007/BF00915599
263,Unlocking Potential: Integrating Pronunciation into Business Instruction to Inspire Students and Strengthen Content Teachers,"B Kanoksilapatham… - Studies in English …, 2024",N/A,researchgate.net,0,"… In essence, these studies have demonstrated that CLIL allows students to enhance theirknowledge of content subjects while concurrently developinglanguageproficiency. Despite …",https://www.researchgate.net/profile/Budsaba-Kanoksilpatham/publication/381715978_Unlocking_potential_Integrating_pronunciation_into_business_instruction_to_inspire_students_and_strengthen_content_teachers/links/6683603e0a25e27fbc1d2e42/Unlocking-potential-Integrating-pronunciation-into-business-instruction-to-inspire-students-and-strengthen-content-teachers.pdf
264,TRABAJO FIN DE MÁSTER MÁSTER EN ENSEÑANZA BILINGÜE EN CENTROS EDUCATIVOS DE EDUCACIÓN PRIMARIA E INMERSIÓN EN LENGUA …,P CRUZADO SÁNCHEZ,N/A,burjcdigital.urjc.es,0,"Cada año, miles de auxiliares de conversación vienen a colegios de España con el objetivoprincipal de mejorar la comunicación oral del alumnado y los conocimientos culturales de …",https://burjcdigital.urjc.es/server/api/core/bitstreams/1f68df23-e012-4103-81fd-69056019b669/content
265,Functions and effects of international teaching assistants,"WS Fox, G Gay - The Review of Higher Education, 1994",N/A,muse.jhu.edu,0,"… certified in Englishlanguageproficiencybefore they could … , to screen forlanguageproficiency;but departments had the …languageproficiencyon the basis of their SPEAK test results. …",https://muse.jhu.edu/pub/1/article/644627/summary
266,Reconstructing the professional identity of foreign-trained teachers in Ontario schools,"H Mawhinney, F Xu - Tesol Quarterly, 1997",N/A,JSTOR,0,… set out by the Ministry of Ontario Education Training (MOET) to overcome the existingbarriers to their professio certification posed by the need for Englishlanguageproficiency…,https://www.jstor.org/stable/3587847
267,Pursuing a response in office hour interactions between US college students and international teaching assistants,"SY Chiang- Journal of Pragmatics, 2011",N/A,Elsevier,0,This article provides a discourse analysis of question and answer exchanges between UScollege students and international teaching assistants in office hours. Drawing upon second …,https://www.sciencedirect.com/science/article/pii/S0378216611001895
268,[B]Development and implementation of an ESL classroom assessment of face-to-face conversational interaction,NL Kauper,2012,,0,"… Thus, what we might assess and evaluate as a student’s Englishlanguageproficiencyorcommunicative competence in English depends in part on the genre and context in which we …",https://search.proquest.com/openview/2d6e7350f98d475bda969ecde81aed81/1?pq-origsite=gscholar&cbl=18750
269,The graduate teaching assistant (GTA): Lessons from North American experience,"C Park* - Teaching in Higher Education, 2004",N/A,Taylor & Francis,0,The employment of graduate students on a part‐time basis to help with the teaching ofundergraduates is growing in the UK and many higher education institutions are confronted with …,https://www.tandfonline.com/doi/abs/10.1080/1356251042000216660
270,A Study of Characteristics of the SPEAK Test,"SM Sarwark, J Smith, R MacCallum… - ETS Research Report …, 1994",N/A,Wiley Online Library,0,The purpose of this project was to investigate issues of reliability and validity arising fromthe local administration and scoring of the Spoken Proficiency English Assessment Kit (SPEAK…,https://onlinelibrary.wiley.com/doi/abs/10.1002/j.2333-8504.1994.tb01620.x
271,Topical knowledge and ESL writing,"L He, L Shi - Language testing, 2012",N/A,journals.sagepub.com,0,"… Along with the variable of prompt type,languageproficiencyforms another independentvariable in this study. Aged from 17 to 35 years, the participants were from Mainland China (n = …",https://journals.sagepub.com/doi/abs/10.1177/0265532212436659
272,[B]Investigating test delivery modes within video-conferenced English speaking proficiency assessment,JS Choi,2022,,0,"… her knowledge and expertise in the field oflanguageassessment, I learned how exciting it… for more information, see the special issue inLanguageAssessmentQuarterly, 2021, edited …",https://search.proquest.com/openview/2b20398bc559bedac3fb4e78da742804/1?pq-origsite=gscholar&cbl=18750&diss=y
273,Speaking section in English speaking and writing test-Ââ€ â€'ESWT,"Z Zhou- Pronunciation in Second Language Learning and …, 2015",N/A,iastatedigitalpress.com,0,"… Its development and evaluation process incorporated multiple frameworks across disciplinesincludinglanguageassessment, curriculum and instruction, business management, and …",https://www.iastatedigitalpress.com/psllt/article/id/15305/
274,Speaking Section in English Speaking and Writing Test (ESWT),Z Zhou- … IN SECOND LANGUAGE LEARNING AND TEACHING …,N/A,academia.edu,0,"… Its development and evaluation process incorporated multiple frameworks across disciplinesincludinglanguageassessment, curriculum and instruction, business management, and …",https://www.academia.edu/download/47731867/PSLLT7_July29_2016_B.pdf#page=311
275,International Students and Language Policy in US Higher Education: A Case Study of Two Universities,M Mitchell,2021,,0,"… I include discussion of assessment, since the management from both universities dictatelanguageproficiencytests are required for admissions. I outline the history and purpose of …",https://search.proquest.com/openview/b5c3ee7fff4f7305998b73747c0a20bd/1?pq-origsite=gscholar&cbl=18750&diss=y
276,An analysis of student persuasive impromptu speeches: A systemic functional linguistic approach,J Lockwood,2016,,0,"Utilizing a textual analysis from a systemic functional linguistic perspective, this exploratorydiscourse analysis investigates the cohesive resources and thematic development involved …",https://search.proquest.com/openview/a0d6551abb962c65f76932f02b606705/1?pq-origsite=gscholar&cbl=18750
277,Teaching assistants from the People's Republic of China and US undergraduates: Perceptions of teaching and teachers,"D Gokcora - The International Journal for Academic Development, 1996",N/A,Taylor & Francis,0,The paper summarizes the results of a series of focus group interviews with Chinese teachingassistants and US undergraduates on their perceptions about teaching and teachers in …,https://www.tandfonline.com/doi/abs/10.1080/1360144960010205
278,[CITATION][C]Effective teaching strategies for non-native English instructors,"HY Han - English Teaching (KATE), 2001",N/A,N/A,0,,N/A
279,[B]Confirming the impact of performance tasks on latent class membership and placement decisions,JR Gevara,2016,,0,Pennsylvania law requires that all international students on graduate teaching assistantships(ITAs) pass an in-house test of English proficiency in addition to a standardized test. To this …,https://search.proquest.com/openview/13dafebb302a72c0e1167a9ae74f49f0/1?pq-origsite=gscholar&cbl=18750
280,14: Using Undergraduates to Prepare International Teaching Assistants for the American Classroom,"WE Christian, BJ Rybarczyk - To improve the academy, 2013",N/A,Wiley Online Library,0,"This chapter describes how undergraduates may be used in the training of internationalteaching assistants (ITAs) in three ways: as conversation partners, classroom consultants, and …",https://onlinelibrary.wiley.com/doi/abs/10.1002/j.2334-4822.2013.tb00708.x
281,Exporting English Pronunciation from China: The Communication Needs of Young Chinese Scientists as Teachers in Higher Education Abroad.,"G Gorsuch- Forum on Public Policy Online, 2011",N/A,ERIC,0,… Assessing theoralproficiencyof prospective foreign teaching assistants: Instrument … Issuesrelated to state-mandates Englishlanguageproficiencyrequirements. Pages 382-392 in J. …,https://eric.ed.gov/?id=EJ969852
282,Mirroring MLK: Improving intelligibility in homilies for international priests and seminarians,SK Wicker,2017,,0,"The Mirroring Project (Lindgren, et. al, 2005, Meyers, 2013, 2014, Tarone & Meyers,forthcoming) is a holistic and “top-down” approach used to improve the suprasegmentals and …",https://conservancy.umn.edu/items/f6970326-7312-4bc3-b89a-ea2848789048
283,Reformulation: a verbal display of interlanguage awareness in instructional interactions,"SY Chiang, HF Mi - Language Awareness, 2011",N/A,Taylor & Francis,0,Reformulation is mostly considered as an important verbal mechanism for coping with non-nativespeakers’ speech production problem in second language acquisition. Drawing on …,https://www.tandfonline.com/doi/abs/10.1080/09658416.2011.559243
284,Video-taped teaching simulations,"P Byrd - AUTHOR Constantinides, Janet C., Ed. TITLE Wyoming …, 1986",N/A,ERIC,0,Introduction. A major responsiblity of training programs for foreign graduate teaching assistants(FTAs) is accurate evaluation of the FTAs' communication skills as teachers in the types …,https://files.eric.ed.gov/fulltext/ED358804.pdf#page=65
285,Perspectives of international teaching assistants on working in music disciplines in American higher education,"S Tian - International Journal of Music Education, 2024",N/A,journals.sagepub.com,0,"… Theirlanguageproficiencymay not always align with their content knowledge, makingeffective teaching a complex endeavor. The discourse strategies employed by ITAs in role negotia…",https://journals.sagepub.com/doi/abs/10.1177/02557614241268168
286,Intersecting roles of authority and marginalization: International teaching assistants and research university power dynamics,"V Jones, Y Kim,W Ryu- Journal of International Students, 2020",N/A,ojed.org,0,"… explained that to meet eligibility for teaching assistantship (TA) positions, international studentsmust register with the international student office and pass an Englishoralproficiencytest…",https://www.ojed.org/jis/article/view/757
287,Empowering Learners: A Win‐Win Solution for Students and Educators,"D K. Davies, S Gonzalez - New Directions for Student Services, 2017",N/A,Wiley Online Library,0,"This chapter describes the philosophical approach of the Cultures and Languages Acrossthe Curriculum movement, which advocates leveraging international students’ language and …",https://onlinelibrary.wiley.com/doi/abs/10.1002/ss.20217
288,Understanding argument-based validity in language testing,"CA Chapelle,H Lee- … in language testing: Case studies of …, 2021",N/A,books.google.com,0,"… (2010) approach, referred to as Assessment Use Argument (AUA); on the right side is Kane'sapproach, using terms as they have evolved inlanguageassessmentand are used in the …",https://books.google.com/books?hl=en&lr=&id=ayoNEAAAQBAJ&oi=fnd&pg=PA19&dq=(%22Foreign+teaching+assistant*%22+OR+%22International+teaching+assistant*%22+OR+%22Non-native+teaching+assistant*%22)+AND+(%22speaking+assessment*%22+OR+%22rubric*%22+OR+%22language+proficiency%22+OR+%22oral+proficiency%22+OR+%22language+assessment%22+OR+%22accent+assessment%22+OR+%22intelligibility+assessment%22)+-Italian+-lingua&ots=MJ04k9Dhr4&sig=73Pwn_B9kB1LUVUHWyo-yxzROAk
289,Research on interlanguage variation: Implications for language testing,"E Tarone- Interfaces between second language acquisition and …, 1998",N/A,cambridge.org,0,… How are we to conceive of a context-specific orallanguageproficiency; and how mightthis relate to a more traditional unitary measure of language proficiency? One possibility is to …,https://www.cambridge.org/core/services/aop-cambridge-core/content/view/6AB011C942A36EC77F312B7BAB759264
290,Approaches and challenges to assessing oral communication on Japanese entrance exams,"GJ OCKEY- JLTA Journal, 2017",N/A,jstage.jst.go.jp,0,"… While a growing body of literature exists on the use of SDSs for language learning, little hasbeen written about their use forlanguageassessment. A notable exception is the research …",https://www.jstage.jst.go.jp/article/jltajournal/20/0/20_3/_article/-char/ja/
291,"One Course, Two Approaches:: ITA Educators' Diverging Ideologies","R Anderson - Journal of International Students, 2024",N/A,ojed.org,0,"International Teaching Assistants (ITA’s) are critical to North American campuses. Whilestudies have explored their experiences in through ITA training courses, research has …",https://ojed.org/index.php/jis/article/view/5143
292,"[B]Effects of task values, attributions, and cultural constructs on foreign language use anxiety among international teaching assistants",HY Lim,2004,,0,"This study examines the relationships between task values, attributions, cultural constructsand foreign language use anxiety using expectancy-value theory, attribution theory, and …",https://search.proquest.com/openview/3e2292221bd61921050e8e1fc63293cc/1?pq-origsite=gscholar&cbl=18750&diss=y
293,“It just made me look at language in a different way:” ESOL teacher candidates' identity negotiation through teacher education coursework,"B Yazan- Linguistics and Education, 2017",N/A,Elsevier,0,"Research on language teacher identities is burgeoning, yet there is relatively little empiricalevidence about preservice teachers’ identity development during teacher education …",https://www.sciencedirect.com/science/article/pii/S0898589816300341
294,Teaching assistant training to enhance graduate engineering education,"S Caines,L Lye,MR Hossain- Proceedings of the Canadian …, 2014",N/A,ojs.library.queensu.ca,0,Graduate student teaching assistant (TA) training is a one-day intensive program at MemorialUniversity’s Faculty of Engineering and Applied Science that introduces new graduate …,https://ojs.library.queensu.ca/index.php/PCEEA/article/view/5858
295,"Quantitative, notional, and comprehensive evaluations of spontaneous engaged speech","G Molholt, MJ Cabrera, VK Kumar… - CALICO Journal, 2012",N/A,utppublishing.com,0,"This study provides specific evidence regarding the extent to which quantitative measures,common sense notional measures, and comprehensive measures adequately characterize …",https://utppublishing.com/doi/abs/10.11139/cj.29.1.1-23
296,[CITATION][C]The Identity and Advantages of Nonnative ESL/EFL Teachers,"L Shen, SSJ Savignon",2007,,0,,N/A
297,Research methodology in context-based second-language research,"D Douglas, L Selinker - Research methodology in second …, 2013",N/A,taylorfrancis.com,0,… Analyzingoralproficiencytest performance in general and specific purpose contexts. …Constructing an acquisition-based procedure for secondlanguageassessment. Studies in Second …,https://www.taylorfrancis.com/chapters/edit/10.4324/9781315044774-8/research-methodology-context-based-second-language-research-dan-douglas-larry-selinker
298,Emotion labor and affect in transnational encounters: Insights from Western-trained TESOL professionals in Saudi Arabia,"A Alshakhi,P Le Ha- Research in Comparative and …, 2020",N/A,journals.sagepub.com,0,"… In particular, we show how students’ low Englishlanguageproficiencycombined with teachers’inability to speak Arabic could cause complex emotions and emotion(al) labor while also …",https://journals.sagepub.com/doi/abs/10.1177/1745499920946203
299,The Test of Spoken English as a measure of communicative ability in English‐medium instructional settings,"JLD Clark, SS Swinton - ETS Research Report Series, 1980",N/A,Wiley Online Library,0,"The two major purposes of this study were (1) to conduct a concurrent validation analysis ofthe recently developed Test of Spoken English (TSE), using as an external criterion the …",https://onlinelibrary.wiley.com/doi/abs/10.1002/j.2333-8504.1980.tb01230.x
300,Technology Innovation: Using ChatGPT to Elevate Pronunciation Pedagogy with the CTPSC Prompting Framework,"L Wallace,EF Lima- Pronunciation in Second Language …, 2025",N/A,iastatedigitalpress.com,0,"In this four-hour hands-on workshop, participants explored the potential of ChatGPT inpronunciation instruction and learning. ChatGPT, a generative AI model by OpenAI, has been a …",https://www.iastatedigitalpress.com/psllt/article/id/18671/
301,[B]The Perception of Tanzanian EFL Teachers Regarding the Use of Performance-Based Assessments to Promote Spoken English Language in Secondary …,A Mutashobya,2023,,0,… The current education system in Tanzania focuses on standardized tests and overlooksoralproficiencyin English. I argued for the EFL teachers’ use of performance-based …,https://search.proquest.com/openview/c2051ffa0d84e37eac7e606990af1483/1?pq-origsite=gscholar&cbl=18750&diss=y
302,Perspective taking to improve attitudes towards international teaching assistants: The role of national identification and prior attitudes,"U Manohar,O Appiah- Communication Education, 2016",N/A,Taylor & Francis,0,"… These individuals represented actual graduate international TAs from other departmentswithin the university, who had successfully completedlanguageproficiencytesting and were …",https://www.tandfonline.com/doi/abs/10.1080/03634523.2015.1081956
303,Using Undergraduates to Prepare International Teaching Assistants for the American Classroom: Development of Senior Faculty,"WE Christian, BJ Rybarczyk",2013,,0,"This chapter describes how undergraduates may be used in the training of internationalteaching assistants (IT As) in three ways: as conversation partners, classroom consultants, and …",https://digitalcommons.unl.edu/podimproveacad/816/
304,[B]Planning and second-language narrative production,JN Wendel,1997,,0,The effects of an opportunity to plan a discourse prior to second-language speech productionwere investigated. This study tested the hypothesis that giving learners an opportunity to …,https://search.proquest.com/openview/c04b75613fbcb4eec78a43476706ac0e/1?pq-origsite=gscholar&cbl=18750&diss=y
305,Cohesion and Perceived Proficiency in ITA Oral Communication across Engineering and the Sciences,J Haan,2015,,0,"… the use of cohesive ties (such as pronouns and conjunctions), across different proficiencylevels in order to characterize and describe how ITAs at varying levels oflanguageproficiency…",https://ecommons.udayton.edu/eng_fac_pub/89/
306,Legitimacy of teaching English composition as a non-native speaker.,"AN Bulamur- Universal Journal of Educational Research, 2013",N/A,ERIC,0,"I examine how American students respond to foreign instructors, who teach EnglishComposition and Research Writing. I discuss how minority teacher's cultural, lingual, and ethnic …",https://eric.ed.gov/?id=EJ1053885
307,Incorporating ESOL learners' feedback and usability testing in instructor-developed CALL materials,"G Kessler,L Plakans- Tesol Journal, 2001",N/A,academia.edu,0,"… of learner variables (eg, age,languageproficiency, learning styles, previous experience with… This may be a good method, particularly for students with limitedoralproficiencyin English. …",https://www.academia.edu/download/31002235/kesslerPlakans2001.pdf
308,[B]Selection criteria for mathematics graduate teaching assistants,DL Henderson,1995,,0,… Screening of international TAs was the subject of Morgan's (1990) study of the use ofstandardized EnglishLanguageproficiencytests by United States graduate schools. The criteria he …,https://search.proquest.com/openview/d2665205538f1adaff05ebb78e4c501b/1?pq-origsite=gscholar&cbl=18750&diss=y
309,Texas Papers in Foreign Language Education (TPFLE),"L Plakans, DT Griffee, JR Gevara, L Perea…",N/A,academia.edu,0,"… Addressing a current topic inlanguageassessmentcalled “reverse engineering”, Perea’schapter “Benefits of Teachers’ Feedback to Reverse-Engineering Item Language Test …",https://www.academia.edu/download/48658449/Texas_Papers_in_Foreign_Language_Education_Article_Luis_Perea.pdf
310,World Englishes: To teach or not to teach?,"K Brown - World Englishes, 1995",N/A,Wiley Online Library,0,… The descriptions of who must be tested and what kinds of remediation must be taken ifindividuals cannot demonstrate a level oforalproficiencysufficient to teach effectively in …,https://onlinelibrary.wiley.com/doi/abs/10.1111/j.1467-971X.1995.tb00353.x
311,"Dominance in Academic Writing Tutorials: Gender, Language, and the Offering of Suggestions",T Thonus,1999,,0,"… Tutor gender and tutee gender andlanguageproficiency, as well as the interaction of the …These results suggest that institutional context outweighs gender andlanguageproficiency…",https://kuscholarworks.ku.edu/entities/publication/cb275bae-6187-47c9-9342-785cdcc29ffd
312,"Challenges of accommodating non-native English-speaking instructors' teaching and native English-speaking students' learning in college, and the exploration of …",X Wu,2003,,0,… great progress in the improvement oflanguageproficiencyif he or she has grown up in adifferent culture. This suggests thatlanguageproficiencyis not the primary attribute affecting …,https://minds.wisconsin.edu/handle/1793/40065
313,The effects of pause in English speaking evaluation,"MS Kim,TY Jang- 말소리와 음성과학, 2017",N/A,researchgate.net,0,The main objective of this study is to investigate the influence of utterance internal pause inEnglish speaking evaluation. To avoid possible confusion with other errors caused by …,https://www.researchgate.net/profile/Tae_Yeoub_Jang/publication/317128550_The_effects_of_pause_in_English_speaking_evaluation/links/5a5bdc5b0f7e9b5fb38cca50/The-effects-of-pause-in-English-speaking-evaluation.pdf
314,[B]The experiences of non-native English speaking teachers and their professional identity constructions in an ESL context,SJ Choi,2007,,0,This research focuses on the experiences of three non-native English speaking (NNES)university teaching assistants and their professional identity constructions as English teachers in …,https://search.proquest.com/openview/a668ef6cddda5fb012ce7977b14cfd52/1?pq-origsite=gscholar&cbl=18750
315,Foreign TA training project needs analysis,"J Weaver, A Pickett, L Kiu, J Cook",1987,,0,This project analyzes the English language needs of foreign Teaching Assistants (FTAs) atthe University of Hawaii. The primary goal of the project is to rationally formulate tentative …,https://scholarspace.manoa.hawaii.edu/handle/10125/20243
316,Discourse-based Grammar and the Teaching of Academic Reading and Writing in EFL Contexts.,"M Celce-Murcia,IWH Yoo- English Teaching, 2014",N/A,pdfs.semanticscholar.org,0,"… also showed the positive effect of corrective feedback in developing secondlanguageproficiencyin classroom interaction. On the contrary, other studies examined the effect of …",https://pdfs.semanticscholar.org/e848/121f9976ac78a6ef7d22eb18fd1aae9919f0.pdf
317,"Learning to teach, teaching to learn: The lived experience of international teaching assistants at a Midwestern university",VL Bates Holland,2008,,0,This study was undertaken to develop a deeper understanding of the lived experience of aselect group of international teaching assistants and was specifically designed to explore the …,https://rave.ohiolink.edu/etdc/view?acc_num=bgsu1218226885
318,From Traditional to Performance-based Assessment: Student Perceptions and Implications of a New Achievement Assessment in Introductory Japanese Courses,N Uchida,2015,,0,"… I would also like to extend my appreciation to my committee members, Professor AprilGinther for her knowledgeable suggestions and feedback regardinglanguageassessment, and …",https://docs.lib.purdue.edu/open_access_theses/1081/
319,Integrating nonnatives as teachers: Patterns and perceptions of compliance-gaining strategies,"M Liu,DD Sellnow,S Venette- Communication Education, 2006",N/A,Taylor & Francis,0,"This study extends the teacher effectiveness, teacher power, and teacher socialization literatureby examining compliance-gaining strategies used by new Chinese and new American …",https://www.tandfonline.com/doi/abs/10.1080/03634520600566207
320,In Other Peopleâ€™ s Words: Language Learnersâ€™ Imitation of Professional Speech,"J Crabtree - … in Second Language Learning and Teaching …, 2016",N/A,iastatedigitalpress.com,0,This paper explores international graduate student language learnersâ€™(LLs)(N= 17)enjoyment and perceptions of improvement when using voiceovers of TED Talks as a …,https://www.iastatedigitalpress.com/psllt/article/id/15274/
321,In Other Peopleâ€™ s Words: Language Learnersâ€™ Imitation of Professional Speech,"J Crabtree - … in Second Language Learning and Teaching …, 2016",N/A,iastatedigitalpress.com,0,This paper explores international graduate student language learnersâ€™(LLs)(N= 17)enjoyment and perceptions of improvement when using voiceovers of TED Talks as a …,https://www.iastatedigitalpress.com/psllt/article/id/15274/
322,"[CITATION][C]Written English into spoken: A functional discourse analysis of American, Indian, and Chinese TA presentations","G Levis,J Levis,T Slater- 2012",N/A,N/A,0,,N/A
323,数据挖掘技术在语言测试研究中的应用,"王萍， 辜向东 - Overseas English Testing: Pedagogy and Research, 2020",N/A,hanspub.org,0,"…languageassessment, which calls for incorporating new research methodologies inlanguageassessment… apply data mining techniques tolanguageassessmentresearch. For readers’ …",https://www.hanspub.org/journal/paperinformation?paperID=38935
324,[CITATION][C]On TESOL'84: A Brave New World for TESOL,LH Perry,1987,,0,,N/A
325,Recurrent restorying through language teacher narrative inquiry,"PR Golombek, KE Johnson - System, 2021",N/A,Elsevier,0,"We propose a novel methodology for analyzing language teacher narrative inquiry: recurrentrestorying, teachers engaging in narrative analysis and re-storying of their own previously …",https://www.sciencedirect.com/science/article/pii/S0346251X2100155X
326,Exploring Socialization and Teaching Self-Efficacy through a Community of Practice for International Teaching Assistants.,"L Hakkola, MT Chien, K Pelletreau - Journal of the Scholarship of Teaching …, 2020",N/A,ERIC,0,International teaching assistants face unique and often challenging experiences when enteringgraduate studies in the United States. Challenges include navigating socialization into …,https://eric.ed.gov/?id=EJ1283590
327,"How students respond to critical feedback from teaching assistants: The effect of instructor and feedback characteristics on perceptions of credibility, efficacy, affect …","IA Cionea,BN Gilmore,AT Machette… - Western Journal of …, 2023",N/A,Taylor & Francis,0,"This study (N = 788) investigated experimentally how students respond to critical instructorfeedback by manipulating teaching assistant (TA) cultural background and experience, and …",https://www.tandfonline.com/doi/abs/10.1080/10570314.2022.2135386
328,"Cultural Identity, Pronunciation and Attitudes of Turkish speakers of English: Language identity in an EFL context","E Pullen - Pronunciation in Second Language Learning and …, 2012",N/A,iastatedigitalpress.com,0,"This study investigates the relationships among cultural identity, the degree of accentedness,and attitudes toward pronunciation of non-native speakers of English in an EFL context. …",https://www.iastatedigitalpress.com/psllt/article/id/15178/
329,An extra layer of support: Developing an English-speaking consultation program,"T Kochem,I Edalatishams, L Compton… - … Different Approaches to …, 2022",N/A,books.google.com,0,"… these opportunities becomes more apparent when looking at international graduate studentsstudying in the US, as these learners enter into academia at varyinglanguageproficiency…",https://books.google.com/books?hl=en&lr=&id=C_qjEAAAQBAJ&oi=fnd&pg=PA167&dq=(%22Foreign+teaching+assistant*%22+OR+%22International+teaching+assistant*%22+OR+%22Non-native+teaching+assistant*%22)+AND+(%22speaking+assessment*%22+OR+%22rubric*%22+OR+%22language+proficiency%22+OR+%22oral+proficiency%22+OR+%22language+assessment%22+OR+%22accent+assessment%22+OR+%22intelligibility+assessment%22)+-Italian+-lingua&ots=MPJvKB7FU5&sig=G68l5Lq9jhrs1d0RDUjEzuOddD4
330,A meta-analytic investigation of the predictive validity of the Test of English as a Foreign Language (TOEFL) scores on GPA,M Abunawas,2014,,0,"Research conducted on the relationship between international students’ TOEFL scores andacademic performance has produced contradictory results. To examine this relationship, a …",https://oaktrust.library.tamu.edu/items/19df2754-4327-42e6-8425-e815a80fc124
331,International Teaching Assistants' Identity Roles Represented through Self-Mentions in Teaching Demonstrations,"I Edalatishams- 2017 Second Language Research Forum, 2019",N/A,lingref.com,0,"… All theselanguageproficiencyissues affect the way ITAs see their identities and how their… this test, which is comprised of anoralproficiencyinterview (OPI) and a teaching simulation …",http://www.lingref.com/cpp/slrf/2017/abstract3496.html
332,"Balancing teaching, culture and gender in Japan: Prospects and challenges as an American female teacher abroad","SR Asada- Early career teachers in higher education: International …, 2021",N/A,torrossa.com,0,… The purpose of my visit was to experience life in a new country and to fulfil the foreignlanguageproficiencyrequirement of my US liberal arts college. Although I am new to university …,https://www.torrossa.com/gs/resourceProxy?an=5203854&publisher=FZ0661#page=78
333,[CITATION][C]Institutional responsibilities and responses in the employment and education of teaching assistants: Readings from a national conference,"NVN Chism, SB Warner",1987,,0,,N/A
334,Interactional competence in Japanese as an additional language: An overview,"T Greer, M Ishida, Y Tateyama - Interactional competence in …, 2017",N/A,scholarworks.sjsu.edu,0,"… (CA) to investigate the sequentially co-accomplished interactional practices that L2speakers of Japanese use both inside and outside the classroom, as well as inoralproficiency…",https://scholarworks.sjsu.edu/world_lang_pub/27/
335,Syntactic Complexity: Investigating hypotactic and paratactic styles of speech in non-native extended discourse,M Cribb,2004,,0,"… The object is to not only explicate the nature of complexity for students of differinglanguageproficiency, but also to show how students utilize different styles to achieve proficiency. In …",https://kansaigaidai.repo.nii.ac.jp/record/6314/files/r079_02.pdf
336,Exploring the Role of Course Teams in Helping Graduate Teaching Assistants Navigate Day-to-Day Teaching.,"A Agrawal- International Journal of Engineering Pedagogy, 2025",N/A,search.ebscohost.com,0,"Graduate teaching assistants (GTAs) significantly contribute to undergraduate education atUS universities, particularly in engineering. As novice teachers, they require adequate …",https://search.ebscohost.com/login.aspx?direct=true&profile=ehost&scope=site&authtype=crawler&jrnl=21924880&AN=183964799&h=%2BDb5QScW1kU78AmiXdojW8LqnuTH%2BnwFf8QkTofA16ZUC3uBONR8mxDNiOATG70pg2nh3%2F7uWJMrojHcqvULew%3D%3D&crl=c
337,Beyond the resume: HR students' evaluations of interview performances by first and second language speakers,"C Teló,P Trofimovich, MG O'Brien,TNN Le… - Equality, Diversity and …, 2025",N/A,emerald.com,0,"Purpose High-stakes decision-makers, including human resource (HR) professionals, oftenexhibit accent biases against second language speakers in professional evaluations. We …",https://www.emerald.com/edi/article/44/7/905/1251284
338,Internationalisation of higher education: Integrating international students into Canadian academic environment,"S Guo, M Chase - Teaching in Higher Education, 2011",N/A,Taylor & Francis,0,"Fuelled by globalisation, the internationalisation of higher education in Canada is happeningat a rapid pace. One manifestation of internationalisation is the increasing enrolment of …",https://www.tandfonline.com/doi/abs/10.1080/13562517.2010.546524
339,Teaching Speech Communication with a Foreign Accent: A Pilot Study.,"GM Chen, J Chung",1993,,0,"…languageproficiency, including oral, aural, reading and writing skills, (2) to learn classroomteaching … For example, the requirement of the basiclanguageproficiencyon the aspects of …",https://eric.ed.gov/?id=ED363908
340,"TOEFL iBT integrated speaking tasks: A comparison of test-takers' performance in terms of complexity, accuracy, and fluency","AA Ariamanesh,H Barati… - Iranian Journal of Applied …, 2020",N/A,researchgate.net,0,"This study compares three integrated tasks of the TOEFL iBT speaking subtest in terms ofcomplexity, accuracy, and fluency. To this end, a group of TOEFL iBT Iranian candidates took a …",https://www.researchgate.net/profile/Ali-Ariamanesh/publication/390266409_TOEFL_iBT_Integrated_Speaking_Tasks_A_Comparison_of_Test-Takers'_Performance_in_Terms_of_Complexity_Accuracy_and_Fluency/links/67e67aad43ec6369e204fda0/TOEFL-iBT-Integrated-Speaking-Tasks-A-Comparison-of-Test-Takers-Performance-in-Terms-of-Complexity-Accuracy-and-Fluency.pdf
341,NGTA and IGTA training and experience: Comparisons between self-ratings and undergraduate student evaluations,"DJ Twale,DM Shannon, MS Moore - Innovative Higher Education, 1997",N/A,Springer,0,Undergraduate student ratings and corresponding graduate teaching assistant (GTA) self-ratingsof nine teaching effectiveness factors were evaluated to determine the extent to which …,https://link.springer.com/article/10.1023/A:1025103726202
342,Chapter 10. L2 speaking and its internal correlates: A meta-analysis,"R Koizumi,Y In'nami,EH Jeon- Understanding L2 Proficiency …, 2022",N/A,degruyterbrill.com,0,"The current meta-analysis examines relationships between second-language (L2) speaking(assessed using global ratings) and its internal features, such as fluency and accuracy (…",https://www.degruyterbrill.com/document/doi/10.1075/bpa.13.10koi/html
343,Discourse Coherence in Nonnative Extended Speech: Implications for ELT,VM Cribb,N/A,jalt-publications.org,0,"… In fact, extended discourse is often given greater prominence in assessinglanguageproficiencythan it normally would assume given its a-typical nature. Thus, while no one would …",http://jalt-publications.org/archive/proceedings/2003/E001.pdf
344,Development and validation of a web-based L2 pragmatic speaking test in the university context,S Chen,2021,,0,"… In summary, CA has a few applications, such as materials design,languageassessment,and teaching. CA is a methodological approach that can be viewed from different angles: …",https://search.proquest.com/openview/b08d412275c53f09683f4d8473dfde6b/1?pq-origsite=gscholar&cbl=18750&diss=y
345,Teacher-centered approach and its ramifications on the performance of would-be professors/teachers: Two case studies of NNSs,"A Al-Qahtani- King Khalid University Journal of Humanities, 2015",N/A,journals.kku.edu.sa,0,"This study examines the possible impact of teacher-centered approach that is widelypracticed in EFL situations, as suggested by Braine (2003), Norman (2004) and others, on the …",https://journals.kku.edu.sa/journals/sites/journals.kku.edu.sa/files/2024-09/Volume%202-%20No%201-29-60.pdf
346,Research Literature,"D Coniam,P Falvey- High-Stakes Testing: The Impact of the LPATE on …, 2018",N/A,Springer,0,"In this chapter, high-stakes assessment High-stakes assessment , educational standards andbenchmarks are first discussed. These are subsequently elaborated upon and discussed …",https://link.springer.com/chapter/10.1007/978-981-10-6358-9_2
347,[B]Achieving mutual understanding: Compensatory communication strategies in the interactions between nonnative teaching assistants and United States …,SY Chiang- 2003,N/A,search.proquest.com,0,"… for coping with NNS' reducedlanguageproficiency, hereafter in the present dissertation …, treats the NNSs’ reducedlanguageproficiencyas an inherent source of communication …",https://search.proquest.com/openview/8259d0e3e68bbda26f43b9ad182ade6f/1?pq-origsite=gscholar&cbl=18750&diss=y
348,Interactional competence in the introduction to physics lab,SD Looney- 2013,N/A,openscholar.uga.edu,0,… This situation has largely been framed as a problem that stems from ITAs' Englishlanguageproficiency. Research has reflected this framing by searching for the linguistic sources of the …,https://openscholar.uga.edu/record/26829
349,[B]Discourse and the non-native English speaker,M Cribb,2009,,0,"… 1.1, which is taken from anoralproficiencyinterview with a Korean student of English who… This analysis will consider the variation in these measures due tolanguageproficiencyand …",https://books.google.com/books?hl=en&lr=&id=UiqbSvxPZ_gC&oi=fnd&pg=PR9&dq=(%22Foreign+teaching+assistant*%22+OR+%22International+teaching+assistant*%22+OR+%22Non-native+teaching+assistant*%22)+AND+(%22speaking+assessment*%22+OR+%22rubric*%22+OR+%22language+proficiency%22+OR+%22oral+proficiency%22+OR+%22language+assessment%22+OR+%22accent+assessment%22+OR+%22intelligibility+assessment%22)+-Italian+-lingua&ots=yuyuuiATPI&sig=bqvIhVmVXbLMETxRut0OZVSjkMs
350,ESP teacher education in the USA,"P Master- Teacher education for LSP, 1997",N/A,books.google.com,0,… It is therefore devoted largely to improvingoralproficiencyand communication strategies.Oralproficiencyis addressed by attention to specific pronunciation skills and overall …,https://books.google.com/books?hl=en&lr=&id=md9IaP4zUnoC&oi=fnd&pg=PA22&dq=(%22Foreign+teaching+assistant*%22+OR+%22International+teaching+assistant*%22+OR+%22Non-native+teaching+assistant*%22)+AND+(%22speaking+assessment*%22+OR+%22rubric*%22+OR+%22language+proficiency%22+OR+%22oral+proficiency%22+OR+%22language+assessment%22+OR+%22accent+assessment%22+OR+%22intelligibility+assessment%22)+-Italian+-lingua&ots=5j7tSZY43W&sig=uRIXf1wyq1NJGJsfkHCCkdUqrcE
351,[CITATION][C]5 Support for the Evaluation Inference,H Yang,N/A,N/A,0,,N/A
352,Heteroglossia and constructed dialogue in SLA,"D LaSCOTTE,E Tarone- The Modern Language Journal, 2019",N/A,Wiley Online Library,0,"… oflanguageassessmentthrough measurements of complexity, accuracy, and fluency wouldgive teachers a broader and more balanced picture of thelanguageproficiencyunderlying …",https://onlinelibrary.wiley.com/doi/abs/10.1111/modl.12533
353,Collaborative autoethnography as a pathway for teacher learning,"N Zacharias,G Shleykina- American Journal of Qualitative Research, 2021",N/A,ajqr.org,0,"In this article, we present lessons learned through the use of Collaborative Autoethnography(CA), a qualitative research method where two international faculty members use their …",https://www.ajqr.org/article/collaborative-autoethnography-as-a-pathway-for-teacher-learning-11030
354,[B]Communication strategies for linguistic problems in second language oral communication: A qualitative examination of 12 Korean university students,SJ Kang,2005,,0,"… Data in the form of interviews, observations, conversations, stimulated recalls on the recordedconversations, and measurements oflanguageproficiencyand personal characteristics …",https://search.proquest.com/openview/3b374e8d6240ec910573cfa648922319/1?pq-origsite=gscholar&cbl=18750&diss=y
355,Intercultural teaching competence: A multi-disciplinary model for instructor reflection,"N Dimitrov, A Haque - Intercultural education, 2016",N/A,Taylor & Francis,0,This article presents a model for Intercultural Teaching Competence (ITC) that instructors mayuse as a tool for reflection as they prepare to facilitate learning across cultures. Building on …,https://www.tandfonline.com/doi/abs/10.1080/14675986.2016.1240502
356,Examining the impact of rater educational background on ESL writing assessment: A generalizability theory approach,"R Elorbany, J Huang - Language and Communication Quarterly, 2012",N/A,untestedideas.com,0,"Using generalizability theory as a theoretical framework, this study investigated the impactof raters’ educational background on the assessment of K-12 ESL students’ writing. Twenty …",https://untestedideas.com/uploads/3/1/1/6/3116134/esl_writing_assessment.pdf
357,Students-as-informants: Investigating the use of feedback by ITAs,DK Little,2016,,0,This study was conducted to develop a deeper understanding of the interaction betweeninternational teaching assistants and the students they teach. The study was specifically …,https://rave.ohiolink.edu/etdc/view?acc_num=osu1461173392
358,UNBC TEACHING ASSISTANT MANUAL,T ASSISTANT,N/A,unbc.ca,0,"In 2006, Dr. Heather Smith, UNBC’s first National 3M Teaching Award winner, beganputting together a Teaching Assistant Manual for all UNBC graduate students. With gracious …",http://web.unbc.ca/~ctltweb/ctlt_archives/usb/Conference_Documents_files/UNBC_TA_Manual_2009.pdf
359,The basic communication course: Options for accommodating non-native speakers of mainstream North American English,"DL Rubin, D Turk - Journal of the Association for …, 1997",N/A,stars.library.ucf.edu,0,"This article outlines the various options for basic speech communication classes for non-nativespeakers of mainstream North American English (NNSMNAE), focusing on the …",https://stars.library.ucf.edu/jaca/vol26/iss2/7/
360,Defining flipped learning and academic English at the university,"E Voss,I Kostka- … English Language Learning: Experiences from an …, 2019",N/A,Springer,0,"… range of background knowledge of the educational system in the United States, diversecultural classroom norms and educational backgrounds, varying Englishlanguageproficiency…",https://link.springer.com/chapter/10.1007/978-981-13-8657-2_1
361,A study of oral academic presentation tasks from a language socialization perspective,N Morita,1996,,0,"This study explored the language socialization of university graduate students through theirexposure to and participation in oral academic presentation tasks. Recently, classroom tasks …",https://open.library.ubc.ca/soa/cIRcle/collections/831/items/1.0078131
362,How much exposure to English do international graduate students really get? Measuring language use in a naturalistic setting,"L Ranta, A Meckelborg - Canadian modern language review, 2013",N/A,utppublishing.com,0,… link between amount of exposure in naturalistic settings and L2oralproficiencymeasures. …may be due to inadequate measures of both language use andlanguageproficiency. …,https://utppublishing.com/doi/abs/10.3138/cmlr.987
363,[CITATION][C]Teaching Science in Another Culture: Multicultural Influences on International Teaching Assistants in Science Programs,"B Avsar Erumit,VL Akerson,GA Buck- International Handbook of …, 2021",N/A,Springer,0,,N/A
364,"Davies, M (2008) The Corpus of Contemporary American English: 450 million words, 1990–present, available online: corpus. byu. edu/coca/Gabrielson, S …","KL Greenberg - ISSN 1756-509X, 2014",N/A,cambridgeenglish.org,0,… this standardised test has been used at the University of Michigan to assess the Englishlanguageproficiencyof prospective international teaching assistants (ITAs) at the high-…,https://www.cambridgeenglish.org/images/164055-research-notes-55-document.pdf#page=30
365,A “dramatic” approach to improving the intelligibility of ITAs,"SG Stevens- English for Specific Purposes, 1989",N/A,Elsevier,0,"… have called for the testing and development oforalproficiencyskills for ITAs. On the other …proficient ITAs up to an acceptable level oforalproficiency?"" The field of ESL has developed …",https://www.sciencedirect.com/science/article/pii/088949068990029X
366,The rhetorical process of digital subjectivities: Case studies of international teaching assistants negotiating identity with digital media,KE De Pew,2003,,0,"In the absence of an articulated process for composing one's digital subjectivity, scholarshave relied on corporate and artistic tropes to support their arguments about various …",https://search.proquest.com/openview/cb5c8d66f6c6031b336e175e8cd73b41/1?pq-origsite=gscholar&cbl=18750&diss=y
367,[B]Training teaching assistants across the curriculum: A study of the certificate in university teaching (CUT) program,CI Brown,2012,,0,This action research dissertation examines the development over nine semesters of a 15-hourcertificate in higher education teaching that is geared toward developing Teaching …,https://search.proquest.com/openview/f987aa8ef79fd76c72470a72c4808700/1?pq-origsite=gscholar&cbl=18750
368,PROPOSAL FOR A UNIVERSITY WIDE TA ORIENTATION PROGRAM,"D Kinney,M Van Wart- Wyoming/NAFSA Institute on Foreign TA Training., 1988",N/A,ERIC,0,The quality of undergraduateinstruction and the benefits that would accruefrom a university-wideprogramof coordination end support for teaching assistants is the subject of th's …,https://files.eric.ed.gov/fulltext/ED358805.pdf#page=156
369,Assessing nonverbal and verbal interactional competence in a video-mediated oral test,"H Yang - Linguistic Research, 2023",N/A,isli.khu.ac.kr,0,"… Since oral communication will often involve interaction between two or more speakers,test developers interested inoralproficiencyhad to devise a way to include this aspect within …",http://isli.khu.ac.kr/journal/content/data/40_S/7.pdf
370,[B]The long shadow of neocolonialism: Experiences of Asian students on the American campus,SK Rao,1989,,0,This study assesses the perceptions of a sample of Asian students about their academicexperiences on an American campus and looks at the processes that influence these …,https://search.proquest.com/openview/f4301793408e1dddc08e9ba0b6ecd3ca/1?pq-origsite=gscholar&cbl=18750&diss=y
371,Incidental displays of cultural knowledge in the nonnative‐English‐speaking teacher's classroom,"A Lazaraton - Tesol Quarterly, 2003",N/A,Wiley Online Library,0,"This article examines incidental cultural knowledge displays by two nonnative‐English‐speakingteachers (NNESTs) in their intensive English program classrooms. Surprisingly, until …",https://onlinelibrary.wiley.com/doi/abs/10.2307/3588503
372,"“You Will Be Evaluated According to the Following”: Language, Race, and International Students at a US Predominantly White Institution",A Anand,2022,,0,"As sociolinguists have long noted, racial hierarchies in the United States have beenmaintained through a hegemonic standard language ideology that assumes white middle-class …",https://search.proquest.com/openview/b2fc4aa8633ce8a6ff6d0f554e90bf3b/1?pq-origsite=gscholar&cbl=18750&diss=y
373,Perspectives on English for academic purposes,"J Morley - Georgetown University Round Table on Languages …, 1992",N/A,books.google.com,0,"Around ninety percent of the 650-700 course enrollments during the academic year arestudents at the graduate level, with the majority en-gaged in doctoral studies across the …",https://books.google.com/books?hl=en&lr=&id=GzgWsZDlVo0C&oi=fnd&pg=PA143&dq=(%22Foreign+teaching+assistant*%22+OR+%22International+teaching+assistant*%22+OR+%22Non-native+teaching+assistant*%22)+AND+(%22speaking+assessment*%22+OR+%22rubric*%22+OR+%22language+proficiency%22+OR+%22oral+proficiency%22+OR+%22language+assessment%22+OR+%22accent+assessment%22+OR+%22intelligibility+assessment%22)+-Italian+-lingua&ots=pDMNdcP1dj&sig=Y-t6OAO6B7aqWkNj-HmCaRK5n_Q
374,The social and cultural life of non-native English speaking international graduate students at a Canadian university,"J Myles,L Cheng- Journal of english for academic purposes, 2003",N/A,Elsevier,0,It is generally believed that international graduate students have difficulties adapting to awide range of social and academic situations within the university community. This paper …,https://www.sciencedirect.com/science/article/pii/S1475158503000286
375,"Administration, labor, and love","A Ginther - Language Testing, 2023",N/A,journals.sagepub.com,0,"… The development of a semi-direct, computer administeredoralproficiencytest allowed usto better … Development of a single instrument extended to (1) anoralproficiencyscale with …",https://journals.sagepub.com/doi/abs/10.1177/02655322221127365
376,[B]Attitudes and beliefs of international teaching assistants regarding teaching practice: A case study,S Tavana,2005,,0,"… Thus, improved Englishlanguageproficiencyand communication skills alone did not …They stated that even as ITAs obtained better Englishlanguageproficiencytraining in their own …",https://search.proquest.com/openview/b42a074993d34547906ca61f3a1b685b/1?pq-origsite=gscholar&cbl=18750&diss=y
377,Assisted reading: A flexible approach to L2 reading fluency building,"E Taguchi, L Melhem… - The Reading Matrix: An …, 2016",N/A,readingmatrix.com,0,Reading fluency is a critical component of reading proficiency in both the L1 and L2. It laysa foundation on which readers build their reading skills to become strategic and versatile in …,https://www.readingmatrix.com/files/14-08rwm088.pdf
378,"Corpora in language testing: developments, challenges and opportunities","ST Cushing- The Routledge Handbook of Corpus Linguistics, 2022",N/A,taylorfrancis.com,0,… used to certifylanguageproficiencyfor specific …LanguageAssessmentQuarterly 11(1):27–44. (This article provides an overview of computational approaches tolanguageassessment…,https://www.taylorfrancis.com/chapters/edit/10.4324/9780367076399-45/corpora-language-testing-developments-challenges-opportunities-sara-cushing
379,Local and dialogic language ability and its implication for language teaching and testing,"MJ Gerson - Spoken English, TESOL and Applied Linguistics …, 2006",N/A,Springer,0,"In this chapter I will describe the fundamental principles of a dialogically based philosophyof second language acquisition (Johnson, 2003) that is based on Vygotsky’s Sociocultural …",https://link.springer.com/chapter/10.1057/9780230584587_12
380,Dishing from the Cultural Pot: An African Instructor's Experience Teaching BSW Courses,A Christson- 2009,N/A,uh-ir.tdl.org,0,"Social work literature abounds with reports of collaboration of US social work schools withother schools of social work abroad, and the experiences of US social work faculty teaching in …",https://uh-ir.tdl.org/items/889d0468-52e6-4e85-a4e0-2bf3f883a68d
381,[B]Attitudes of American college students toward their non-native English-speaking professors,TVL Gorbunova,2003,,0,"… Students in this study encountered problems withlanguageproficiency, communication ofinformation, and lesson delivery by their international teaching assistants. Brown (1988) also …",https://search.proquest.com/openview/1e7ba584af0d78ee2e31f71fab994065/1?pq-origsite=gscholar&cbl=18750&diss=y
382,'The word isn't there!': a Foucauldian approach to power negotiation in an instructional interaction across linguistic and cultural boundaries,"SY Chiang- Critical Discourse Studies, 2013",N/A,Taylor & Francis,0,"… discourse performance varies just withlanguageproficiency, or whether other contextual …NSs possess higherlanguageproficiencyand more linguistic resources than do NNSs, and …",https://www.tandfonline.com/doi/abs/10.1080/17405904.2013.795490
383,[B]To speak or not to speak: silence in classrooms,JJ Park- 2019,N/A,search.proquest.com,0,"… To sum up, the purpose of this research is to understand howlanguageproficiencyand theinfluence of Chinese culture affects Chinese International Students to speak up in class. In …",https://search.proquest.com/openview/a49c60a202c84b6e9d22fbc078ac01e1/1?pq-origsite=gscholar&cbl=44156
384,Comparing student perceptions of the classroom climate created by US American and international teaching assistants,"KR Meyer,Y Mao- Higher Learning Research …, 2011",N/A,scholarworks.waldenu.edu,0,Previous studies have revealed that American undergraduate students complain aboutInternational Teaching Assistants’(ITAs) lack of English proficiency and rate ITAs lower than …,https://scholarworks.waldenu.edu/hlrc/vol4/iss3/3/
385,Science International Teaching Assistants' Development of Cultural Competence and Teaching Self-Efficacy,Z Jia,2021,,0,"A significant number of international graduate students teach undergraduates in sciencedepartments as teaching assistants, often as laboratory instructors. The compelling cultural …",https://search.proquest.com/openview/3867b71eebc28538d3d689ce0ea24eed/1?pq-origsite=gscholar&cbl=18750&diss=y
386,"[B]Competence, opportunity, negotiation and the reconstruction of a professional identity by foreign-trained teachers in Canada.",F Xu,1999,,0,"This study is a three-year longitudinal research project on the linguistic, pedagogical,cultural, emotional and career needs and adjustments of seven foreign-trained teachers who …",https://ruor.uottawa.ca/items/88f2f40f-553d-43b1-9004-e4db143e6d51
387,[B]Oral Communication for Non-Native Speakers of English,"A Guskaroska, E Goodale,T Kochem, M Ghosh…",2025,,0,"This book is an essential instructional tool for developing oral communication skills in academicsettings, specifically designed for international graduate students, teaching assistants, …",https://files.znu.edu.ua/files/Bibliobooks/Inshi82/0062239.pdf
388,DIVERSITY THROUGH OUR EYES: ASIAN INTERNATIONAL MATHEMATICS GRADUATE TEACHING ASSISTANTS'PERCEPTIONS OF RACE AND DIVERSITY,"K Lue, J Zheng,JJ Park- Journal of Women and Minorities in …, 2025",N/A,dl.begellhouse.com,0,This exploratory qualitative study uses EYES theory and neoracism to examine five Asianinternational mathematics graduate teaching assistants' perceptions of racial diversity and …,"https://www.dl.begellhouse.com/journals/00551c876cc2f027,353f1d0236464a70,190458972c42c934.html"
389,Relative salience of suprasegmental features on judgments of L2 comprehensibility and accentedness,"O Kang- System, 2010",N/A,Elsevier,0,… Most other studies focused on stress effect on listening comprehension ororalproficiency. …oflanguageproficiencyand in a different (more experimentally controlled) listening setting. …,https://www.sciencedirect.com/science/article/pii/S0346251X1000031X
390,Washback effect of ALCPT on cadets in Taiwan: A case study,"CW Chang - Journal of Teaching English for Specific and …, 2014",N/A,espeap.junis.ni.ac.rs,0,This paper presents a study investigating the washback effect of the American LanguageCourse Placement Test (ALCPT) on cadets in a Taiwanese military academy. Over the last …,http://espeap.junis.ni.ac.rs/index.php/espeap/article/view/71
391,5 Support for the,"H Yang- Validity Argument in Language Testing: Case Studies …, 2021",N/A,books.google.com,0,… The assumption is that performance on the test is related to other criteria forlanguageproficiencyin real classroom instruction of higher education. Support for this assumption can be …,https://books.google.com/books?hl=en&lr=&id=ayoNEAAAQBAJ&oi=fnd&pg=PA96&dq=(%22Foreign+teaching+assistant*%22+OR+%22International+teaching+assistant*%22+OR+%22Non-native+teaching+assistant*%22)+AND+(%22speaking+assessment*%22+OR+%22rubric*%22+OR+%22language+proficiency%22+OR+%22oral+proficiency%22+OR+%22language+assessment%22+OR+%22accent+assessment%22+OR+%22intelligibility+assessment%22)+-Italian+-lingua&ots=MJ04k9Dir-&sig=Fx9hUhtxaCyPtuSPwej1nMjQviQ
392,[B]A world of education: The influence of culture on instructional style and perceived teacher effectiveness,A Trentin,2008,,0,"… 602, which required all public institutions of higher education to mandate orallanguageproficiencyevaluations for all non-native English-speaking instructors who did not receive …",https://search.proquest.com/openview/141c819fe55065a404422a4cdce60993/1?pq-origsite=gscholar&cbl=18750
393,Developing intercultural attitudes: the case of five colombian Fulbright foreign language teaching assistants,LC Flórez Díaz,2018,,0,""" El presente estudio es una investigación narrativa cualitativa que tiene como objetivocomprender cómo los becarios colombianos desarrollan actitudes interculturales y se …",https://repositorio.uniandes.edu.co/items/7d751017-d89c-4279-abe8-b0b4b0ca07eb
394,Faculty of Education Department of EFL Curriculum and Instruction,AG Gheith,2018,,0,The present study aimed at investigating the effect of using some proposed kinesthetic activitieson developing EFL oral language performance for the primary governmental language …,https://eric.ed.gov/?id=ED596274
395,Analysis of English-Speaking Proficiency Using the Information Gap Method Among First-Year and Second-Year BA English Major Students,"JP Capacio, P Tira - International Journal of Sociologies and …, 2025",N/A,so07.tci-thaijo.org,0,Background and Aims: This study looks into how well students' English-speaking abilitiescan be improved using the Information Gap Method. It seeks to determine the method's …,https://so07.tci-thaijo.org/index.php/IJSASR/article/view/5025
396,[RTF][RTF]Raising Intercultural Awareness in preparation for periods of residence abroad: A review of current practice in UKHE,"S Hall, S Toll - Retrieved January, 1999",N/A,lancaster.ac.uk,0,This study considers the activity of Intercultural Awareness Raising (IAR) in the preparationof UK HE languages students for a period of residence abroad. It is informed by theory and …,http://www.lancaster.ac.uk/users/interculture/docs/ria.rtf
397,TEACHING TIP FEEL THE RHYTHM! FUN AND EFFECTIVE PRONUNCIATION PRACTICE USING AUDACITY AND SITCOM SCENES,"EF Lima- … IN SECOND LANGUAGE LEARNING AND TEACHING …, 2014",N/A,academia.edu,0,"… include CALL,languageassessment, material design, and technology applied to languagelearning and teaching, especially to pronunciation instruction. Contact her at Ohio University, …",https://www.academia.edu/download/39619518/PSLLT_6_Full_Document_10-14-15_Final.pdf#page=284
398,Examining the impact of four teaching development programmes for engineering teaching assistants,"CJ Fong, J Gilmore, T Pinder-Grover… - Journal of Further and …, 2019",N/A,Taylor & Francis,0,"As current graduate instructors of labs and class discussions, teaching assistants (TAs) playa critical role in Science, Technology, Engineering, and Math (STEM) undergraduate …",https://www.tandfonline.com/doi/abs/10.1080/0309877X.2017.1361517
399,"A Review of “The politics of second language writing: in search of a promised land” edited by Paul Kei Matsuda, Christina Ortmeier-Hooper and Xiaoye You, West …",S Banerjee,2009,,0,"… In light of the impediments students often face, such asoralproficiency, Leki argues thatwriting skills in university settings have been overrated. Chapters 4 and 5 highlight the …",https://www.tandfonline.com/doi/full/10.1080/09500780802152986
400,An argument against using standardized test scores for placement of international undergraduate students in English as a Second Language (ESL) courses,"K Kokhan - Language Testing, 2013",N/A,journals.sagepub.com,0,… Another tempting option is to completely discontinue ESL placement tests and use pre-arrivaltest scores as a measure of students’languageproficiencyand as criteria for placement …,https://journals.sagepub.com/doi/abs/10.1177/0265532213475782
401,TOEFL to the Test: are Monodialectal AAL‐speakers Similar to ESL Students?,"A Pandey - World Englishes, 2000",N/A,Wiley Online Library,0,"…languageproficiencytests like the TWE and the TSE, in addition to the TOEFL. Moreover, asin the present study, pretesting any Englishlanguageproficiency…languageproficiencytest …",https://onlinelibrary.wiley.com/doi/abs/10.1111/1467-971X.00157
402,[B]A qualitative approach to the validation of oral language tests,A Lazaraton,2002,,0,"… The remainder of this chapter is devoted to describing the orallanguageassessmentinterview in more detail. First, a definition of an oral interview is given, followed by a summary of …",https://books.google.com/books?hl=en&lr=&id=HAH4JwduuVgC&oi=fnd&pg=PR9&dq=(%22Foreign+teaching+assistant*%22+OR+%22International+teaching+assistant*%22+OR+%22Non-native+teaching+assistant*%22)+AND+(%22speaking+assessment*%22+OR+%22rubric*%22+OR+%22language+proficiency%22+OR+%22oral+proficiency%22+OR+%22language+assessment%22+OR+%22accent+assessment%22+OR+%22intelligibility+assessment%22)+-Italian+-lingua&ots=ofucmacJr7&sig=rZxm2gyozTWG29dhGgQrO2WmgGY
403,TA Typology,"AU TAs - Bailey, Kathleen M., Ed.; And Others Foreign Teaching …",N/A,ERIC,0,… -native speakers with similarlanguageproficiencywere not. Some factors contributing to his… 19141 Assessing 11woralproficiencyof prospective toreign teaching assistants. Instrument …,https://files.eric.ed.gov/fulltext/ED249843.pdf#page=115
404,Instructional development programs for international TAs: A systems analysis approach,"R Smith, P Byrd, J Constantinides, RP Barrett",1991,,0,"Instructional development programs for international teaching assistants cut across manylines of authority and power in a research university. The person who designs, implements, …",https://digitalcommons.unl.edu/cgi/viewcontent.cgi?article=1215&context=podimproveacad
405,[B]Topic familiarity and second language learners' oral performance,YF Chang- 1997,N/A,search.proquest.com,0,"… included when creating a research design , or when teachers assess students'oralproficiencysince a single test can not provide a complete picture of a student'soralproficiency. …",https://search.proquest.com/openview/ff0e30ca56e52aee4a9f98e2ae587c47/1?pq-origsite=gscholar&cbl=18750&diss=y
406,Teaching Assistants'(TAs) Personal Epistemologies and Their Instructional Practices in US Universities: A Mixed Methods Investigation of International TAs and US …,E Seo,2009,,0,"Current teacher education research calls for investigation of the"" missing paradigm,"" theconnection between teachers' conceptions of knowledge and learning and their instructional …",https://scholarshare.temple.edu/entities/publication/9b49dec3-80ba-4633-a477-57ae84946c0f
407,[B]Teacher reformulations of student responses in an English as a Second Language and teacher development program for international teaching assistants,JJ Dobson,1993,,0,This dissertation reports the results of a study that investigates teacher reformulations ofstudent responses in an English as a second language (ESL) and teacher development …,https://search.proquest.com/openview/f0361f62a4395bc1e432dae80ba282fd/1?pq-origsite=gscholar&cbl=18750&diss=y
408,Feel the Rhythm! Fun and Effective Pronunciation Practice Using Pronunciation in Second Language Learning and Teaching 6 Audacity and Sitcom Scenes,"EF Lima- Pronunciation in Second Language Learning and …, 2015",N/A,iastatedigitalpress.com,0,"… include CALL,languageassessment, material design, and technology applied to languagelearning and teaching, especially to pronunciation instruction. Contact her at Ohio University, …",https://www.iastatedigitalpress.com/psllt/article/id/15270/
409,Use of L1 Initiators and Non-verbal Resources in L2 Collaborative Interactions for Text Revision in Online Translation Classrooms.,"S Choi - Ubiquitous Learning: An International Journal, 2021",N/A,search.ebscohost.com,0,"This study explored the collaborative revision interactions of non-native Japanese-speakingsenior students in an online translation classroom. Specifically, this study investigated how …",https://search.ebscohost.com/login.aspx?direct=true&profile=ehost&scope=site&authtype=crawler&jrnl=18359795&AN=154163625&h=PhHGWvqm%2BygiipSjEhzHuVd99WF1PgKVuFJi%2BMl1mS9j33cj8Pd9WRwhOpAi9szz7IzaaDiyvnJFdjROIawCsQ%3D%3D&crl=c
410,How much is enough? Involving occupational experts in setting standards on a specific-purpose language test for health professionals,"J Pill, T McNamara - Language Testing, 2016",N/A,journals.sagepub.com,0,This paper considers how to establish the minimum required level of professionally relevantoral communication ability in the medium of English for health practitioners with English as …,https://journals.sagepub.com/doi/abs/10.1177/0265532215607402
411,[CITATION][C]Developing teaching communication competence in international graduate students,NL LeGros,2010,,0,,N/A
412,Theatre voice training and technology in teaching oral skills: Integrating the components of a speech event,"DM Hardison, C Sonchaeng - System, 2005",N/A,Elsevier,0,This paper provides a sequence of specific techniques and examples for implementingtheatre voice training and technology in teaching ESL/EFL oral skills. A layered approach is …,https://www.sciencedirect.com/science/article/pii/S0346251X05000667
413,"[B]Hidden Roads: Nonnative English-Speaking International Professors in the Classroom: New Directions for Teaching and Learning, Number 138","KG Hendrix,A Hebbani- 2014",N/A,books.google.com,0,This issue uses the powerful narrative of autoethnography to make visible the existence ofinternational professors and teaching assistants who speak English as a Second Language. …,https://books.google.com/books?hl=en&lr=&id=4SnkAwAAQBAJ&oi=fnd&pg=PP3&dq=(%22Foreign+teaching+assistant*%22+OR+%22International+teaching+assistant*%22+OR+%22Non-native+teaching+assistant*%22)+AND+(%22speaking+assessment*%22+OR+%22rubric*%22+OR+%22language+proficiency%22+OR+%22oral+proficiency%22+OR+%22language+assessment%22+OR+%22accent+assessment%22+OR+%22intelligibility+assessment%22)+-Italian+-lingua&ots=78B57Dkk8e&sig=zIL9sXPF47eJmbw-L4Beb_O8zYI
414,Foreign accented-speech and perceptions of confidence and intelligence,"MN Abu Guba,S Daoud,S Jarbou- Journal of Psycholinguistic Research, 2023",N/A,Springer,0,"The purpose of the current study is to explore listeners’ perception of accented speech interms of confidence and intelligence. To this end, three groups of listeners were asked to rate …",https://link.springer.com/article/10.1007/s10936-023-09940-9
415,An exploratory study of undergraduate college students' perceptions and attitudes toward foreign accented faculty.,"A Kavas,A Kavas- College Student Journal, 2008",N/A,go.gale.com,0,"… that while foreign born TAs appear to have an adverse effect on the academic performanceof native students, the effect does not seem to be due to the lack oflanguageproficiencyof …",https://go.gale.com/ps/i.do?id=GALE%7CA182975282&sid=googleScholar&v=2.1&it=r&linkaccess=abs&issn=01463934&p=AONE&sw=w
416,Dealing with the demands of language testing and assessment,"G Fulcher,N Owen- The Routledge handbook of English …, 2016",N/A,taylorfrancis.com,0,This chapter discusses two ways in which English Language Teaching(ELT) programmesare making use of new technologies. New technologies and media consist of blends of digital …,https://www.taylorfrancis.com/chapters/edit/10.4324/9781315676203-11/dealing-demands-language-testing-assessment-glenn-fulcher-nathaniel-owen
417,How do we go about investigating test fairness?,"X Xi- Language testing, 2010",N/A,journals.sagepub.com,0,"Previous test fairness frameworks have greatly expanded the scope of fairness, but do notprovide a means to fully integrate fairness investigations and set priorities. This article …",https://journals.sagepub.com/doi/abs/10.1177/0265532209349465
418,[CITATION][C]Spenser Grant Proposal,W Yan,N/A,N/A,0,,N/A
419,Investigating novice EFL writing teachers' beliefs and practices concerning written corrective feedback across contexts: A case study from a complexity theory …,"W Chen - Language awareness, 2023",N/A,Taylor & Francis,0,Full article: Investigating novice EFL writing teachers’ beliefs and practices concerning writtencorrective feedback across contexts: a case study from a complexity theory perspective …,https://www.tandfonline.com/doi/abs/10.1080/09658416.2022.2119993
420,The impact of teaching chunks on speaking fluency of Iranian EFL learners,"M Zafarghandi,A Tahriri… - Iranian Journal of …, 2015",N/A,journalscmu.sinaweb.net,0,… In broad sense it is often used as a general term to refer to proficiency and in its narrowsense it is considered as one component oforalproficiencythat is often assessed in examining …,https://journalscmu.sinaweb.net/article_45026.html
421,The impact of teaching chunks on speaking fluency of Iranian EFL learners,"M Zafarghandi,A Tahriri… - Iranian Journal of …, 2015",N/A,journalscmu.sinaweb.net,0,… In broad sense it is often used as a general term to refer to proficiency and in its narrowsense it is considered as one component oforalproficiencythat is often assessed in examining …,https://journalscmu.sinaweb.net/article_45026.html
422,and Research University Power Dynamics,"Y Kim - Journal of International Students, 2020 Vol. 10 No. 2, 2020",N/A,books.google.com,0,"… explained that to meet eligibility for teaching assistantship (TA) positions, international studentsmust register with the international student office and pass an Englishoralproficiencytest…",https://books.google.com/books?hl=en&lr=&id=IXogEAAAQBAJ&oi=fnd&pg=PA483&dq=(%22Foreign+teaching+assistant*%22+OR+%22International+teaching+assistant*%22+OR+%22Non-native+teaching+assistant*%22)+AND+(%22speaking+assessment*%22+OR+%22rubric*%22+OR+%22language+proficiency%22+OR+%22oral+proficiency%22+OR+%22language+assessment%22+OR+%22accent+assessment%22+OR+%22intelligibility+assessment%22)+-Italian+-lingua&ots=LK7aI_qfK5&sig=XU6ALSyOQytcMUYKCHbYWaHA4DM
423,Communicative competence: A pedagogically motivated model with content specifications,"M Celce-Murcia,Z Dörnyei, S Thurrell - Issues in Applied linguistics, 1995",N/A,academia.edu,0,This paper argues the need for an updated and explicit description of language teachingareas generated with reference to a detailed model of communicative competence. We …,https://www.academia.edu/download/31937006/Celce-Murcia_1995.pdf
424,Composition Teacher Identity and Practice: Exploring Composition Teachers from International Contexts in the Rural Pennsylvania College Composition Courses,J Akiyoshi- 2022,N/A,search.proquest.com,0,"Along with a global mobility of NNESTs around the world (Canagarajah, 1999), there hasbeen an expanding population of NNEST trainees in the US higher education institutions (Park…",https://search.proquest.com/openview/1afb687d1184fef4d289d8f18bac4b96/1?pq-origsite=gscholar&cbl=18750&diss=y
425,Closing the communication gap between undergraduates and international faculty,"D Villarreal- The CATESOL Journal, 2013",N/A,escholarship.org,0,"This mixed-method study addressed the “foreign TA problem,” reconceptualizing it as thecommunication gap, an issue created by multiple parties—including bias originating from …",https://escholarship.org/uc/item/8c38j90m
426,[B]Persian ITAs and Speech Comprehensibility: Using CAPT for Pronunciation Improvement,A Rouhollahi,2023,,0,… They found out that although ITAs were advanced in their overalllanguageproficiencyand… via English proficiency test scores or mandatoryoralproficiencyexams that they are able to …,https://search.proquest.com/openview/978041269f5cb98d874855e7e673740c/1?pq-origsite=gscholar&cbl=18750&diss=y
427,Effectiveness of strategy instruction using podcasts in second language listening and speaking,T Kang- 2016,N/A,search.proquest.com,0,Mobile devices have become a significant part of students’ lives. The average number ofhours that college students reported using their smartphones each day was nine hours—more …,https://search.proquest.com/openview/efd94abca96cfea0381314f2c8c7a391/1?pq-origsite=gscholar&cbl=18750
428,In the belly of paradox: Teaching equity in an [in] equitable space as a graduate teaching assistant (TA),"RA Shahjahan- International Journal of Progressive Education, 2008",N/A,dergipark.org.tr,0,"While much has been written on teaching equity and social justice issues in the highereducation classroom from a faculty perspective, there exists scant literature on these issues from …",https://dergipark.org.tr/en/pub/ijpe/issue/25637/270547
429,"Effects of pragmatic task features, English proficiency, and learning setting on Chinese ESL/EFL spoken performance of requests",L Cheng,2014,,0,"Drawing on Speech Act Theory, this dissertation examined whether pragmatic task features,PDR (ie, additive effects of power, distance, and rank of imposition), proficiency, and …",https://search.proquest.com/openview/05a22ed34578999e098ec438e6b09150/1?pq-origsite=gscholar&cbl=18750
430,[B]A study of peer collaborative mentoring for the professional development of international graduate teaching assistants,GM Kilburg,1992,,0,The purpose of this study was to investigate Peer Collaborative Mentoring (PCM) as aprofessional development model for international graduate teaching assistants at an American …,https://search.proquest.com/openview/bc6215592948eb233627e1c2b589b717/1?pq-origsite=gscholar&cbl=18750&diss=y
431,When did you start wearing clothes? Confronting the stereotypes of international instructors,"GM Williams- International Journal of University Teaching and …, 2011",N/A,search.proquest.com,0,… This example illustrates that stereotypes aboutlanguageproficiencycan be based on lackof … quashed this stereotype by demonstrating theirlanguageproficiencyin the classroom. …,https://search.proquest.com/openview/d959b6daadd90b6ccedf718be2446dac/1?pq-origsite=gscholar&cbl=2034856
432,[B]Language Mindsets as Sources of Emotions: An Experimental Study of International Graduate Students in the US,E Ozdemir,2022,,0,Mindsets have been gaining popularity recently in the field of second language acquisition (SLA).There have been studies exploring language mindsets in relation to emotions such as …,https://search.proquest.com/openview/9e958100288b32cc3c26c4eb5a93667b/1?pq-origsite=gscholar&cbl=18750&diss=y
433,Mediation Effects of Language Anxiety and Prior Learning Experience on Academic Speaking Challenges and Strategies among Libyan Students in Malaysian …,"AAS Halali,L Ismail,AA Samad… - World Journal of …, 2023",N/A,psasir.upm.edu.my,0,"This study examined the academic speaking challenges faced by Libyan students inMalaysian universities, explored the strategies they used to overcome these challenges, and …",http://psasir.upm.edu.my/id/eprint/109455/1/22550-77711-1-PB.pdf
434,Discourse strategies in the context of crosscultural institutional talk: Uncovering interlanguage pragmatics in the university classroom,"CE Davies, AE Tyler - Interlanguage pragmatics, 2005",N/A,taylorfrancis.com,0,A number of researchers have noted that the field of interlanguage pragmatics (ILP) has focusedprimarily on comparisons of the L2 learners' production of speech acts to those of native …,https://www.taylorfrancis.com/chapters/edit/10.4324/9781410613776-6/discourse-strategies-context-crosscultural-institutional-talk-uncovering-interlanguage-pragmatics-university-classroom-catherine-evans-davies-andrea-tyler
435,학문 목적 한국어 말하기 평가 도구 개발의 쟁점과 과제,"민병곤， 이성준 - 국어교육연구, 2016",N/A,s-space.snu.ac.kr,0,본 연구는 학문 목적 한국어 말하기 평가의 도구의 개발과 관련한 주요 쟁점과 과제를 제시하는것을 목적으로 한다. 이를 위해 먼저 학문 목적 말하기 평가를 구성하는 이론적 배경으로서 특수 …,https://s-space.snu.ac.kr/handle/10371/110065
436,Chinese Engineering Students' Cross-cultural Adaptation in Graduate School.,X Jiang,2010,,0,This study explores cross-cultural adaptation experience of Chinese engineering studentsin the US I interact with 10 Chinese doctoral students in engineering from a public research …,https://deepblue.lib.umich.edu/handle/2027.42/77911
437,"Integrated Speaking, Listening and Pronunciation: Are Textbooks Leading the Way?","P Watts,A Huensch- Pronunciation in Second Language …, 2013",N/A,iastatedigitalpress.com,0,"After undergoing a period of de-emphasis in the early years of communicative languageteaching, pronunciation instruction is experiencing a renaissance. While access to stand-alone …",https://www.iastatedigitalpress.com/psllt/article/id/15221/
438,IELTS Research Reports,"F Nakatsuhara, L May,N Khabbazbashi- search.informit.org",N/A,N/A,0,… The closure of universities and language testing centres meant thatlanguageproficiencytests needed to be accessible through at-home versions. A review of seven at-home …,https://search.informit.org/doi/pdf/10.3316/informit.262806705843094
439,Rethinking discourses of diversity: A critical discourse study of language ideologies and identity negotiation in a university ESL classroom,JS Kim,2017,,0,… The intercultural tension is often attributed to ITAs’oralproficiencyin English and accentsthat are alleged to cause their communicative difficulties with American undergraduates. On …,https://rave.ohiolink.edu/etdc/view?acc_num=osu1492708729036445
440,A Descriptive Study of TESL Master's Degree Programs: Directors' Perceptions of TESOL's Professional Preparation Standards,G Li,1994,,0,The purpose of this study was to provide systematic and comprehensive information aboutthe TESL master’s professional preparation program directors’ perceptions of the TESOL …,https://etd.ohiolink.edu/acprod/odb_etd/ws/send_file/send?accession=bgsu1669721693245149&disposition=inline
441,[B]English Language & Orientation Programs in the United States Offered by US Institutions of Higher Education and Private Language Schools.,"SJ Steen, C De Angelis",1997,,0,… Students with limited Englishlanguageproficiencyare rarely able to combine degree studywith ESL. Students with … The levels of Englishlanguageproficiencyused in this book are: …,https://eric.ed.gov/?id=ED411737
442,On the notion of 'IL competence'in early SLA research: An aid to understanding some baffling current issues,"L Selinker - Performance and competence in second language …, 1996",N/A,books.google.com,0,"Thus, in brief, my philosophy may be described as the attempt of a physicist to make suchconjecture as to the constitution of the universe as the methods of science may permit, with the …",https://books.google.com/books?hl=en&lr=&id=MKHW3IQ_nu0C&oi=fnd&pg=PA92&dq=(%22Foreign+teaching+assistant*%22+OR+%22International+teaching+assistant*%22+OR+%22Non-native+teaching+assistant*%22)+AND+(%22speaking+assessment*%22+OR+%22rubric*%22+OR+%22language+proficiency%22+OR+%22oral+proficiency%22+OR+%22language+assessment%22+OR+%22accent+assessment%22+OR+%22intelligibility+assessment%22)+-Italian+-lingua&ots=a1QjHrGWo5&sig=3DqlbhyptxZGZE8lGYxG5pZXJk0
443,REPORT OF THE TASK FORCE ON TESTING AND TRAINING PROSPECTIVE GSIs 9/02,C Cook,N/A,crlt.umich.edu,0,"The Office of the Provost and the College of Literature, Science and the Arts (LS&A) constitutedthe Task Force on Testing and Training Prospective GSIs in response to issues raised in …",https://crlt.umich.edu/sites/default/files/resource_files/Task_Force_Report02.pdf
444,Expressive phonology as evaluative comment in personal oral narrative: The play frame and language learning,"JJ Mischler III- System, 2008",N/A,Elsevier,0,This article presents a case study of phonological types of internal evaluation in the personaloral narrative of one non-native speaker of English. The purpose was twofold: (1) to study …,https://www.sciencedirect.com/science/article/pii/S0346251X08000225
445,Understanding the Brazilian Way of Speaking English,"MLÌ cia de Castro Gomes - Pronunciation in Second …, 2013",N/A,iastatedigitalpress.com,0,"To better understand the aspects that characterize Braziliansâ€™ pronunciation of English,we have formed a study group, formed by researchers, professors, and under-graduate …",https://www.iastatedigitalpress.com/psllt/article/id/15222/
446,Research Forum,"VM Cribb - AUTHOR Fotos, Sandra, Ed.; Jungheim, Nicholas O …, 2001",N/A,ERIC,0,"… This study examines the unplanned spoken discourse of four NNSs elicited viaoralproficiency… Finally, this study includes turns from four NNSs at differentlanguageproficiencylevels, …",https://files.eric.ed.gov/fulltext/ED462837.pdf#page=115
447,Use of L1 Initiators and Non-verbal Resources,"S Choi - Ubiquitous Learning, 2021",N/A,search.proquest.com,0,"This study explored the collaborative revision interactions of non-native Japanese-speakingsenior students in an online translation classroom. Specifically, this study investigated how …",https://search.proquest.com/openview/182a34a8bcca49dda97a7af323633e86/1?pq-origsite=gscholar&cbl=5531550
448,Using written text to teach oral skills: An ITA training class using field-specific materials,"SA Myers - English for Specific Purposes, 1995",N/A,Elsevier,0,This article describes the results of using field-specific written materials in a language laboratorysetting to teach oral skills in a support course for international teaching assistants for the …,https://www.sciencedirect.com/science/article/pii/0889490695000111
449,Interaction and discourse markers in the ITA-led physics laboratory,"SD Looney- Talking Matters, 2015",N/A,researchgate.net,0,Research has pointed out that international teaching assistants (ITAs) use fewer discoursemarkers (DMs) in a more restricted fashion than American teaching assistants and that these …,https://www.researchgate.net/profile/Stephen-Looney-2/publication/318430409_Interaction_and_Discourse_Markers_in_the_ITA-led_Physics_Laboratory/links/5968ed7ba6fdcc18ea6f198f/Interaction-and-Discourse-Markers-in-the-ITA-led-Physics-Laboratory.pdf
450,Discourse management strategies revisited,"G Tapper, G Drzazga, M Mendoza… - Learning, Discourse and …, 2018",N/A,torrossa.com,0,This chapter revisits Tyler’s early research on ITA comprehensibility while also consideringrecent work on instructional discourse. The purpose of the study is to explore Tyler’s early …,https://www.torrossa.com/gs/resourceProxy?an=5001263&publisher=FZ4850#page=48
451,WASHBACK EFFECTS OF THE FOREIGN LANGUAGE SECTION IN HIGH SCHOOL ENTRANCE EXAM (LGS) ON THE EIGHTH GRADERS'ENGLISH …,N KIZILTAN- 2022,N/A,acikerisim.omu.edu.tr,0,… The aim of the study is to find out whether the ForeignLanguageProficiencyExam (YabancıDil Sınavı; hereupon YDS)university entrance test influences how teachers teach and …,http://acikerisim.omu.edu.tr/xmlui/bitstream/handle/20.500.12712/34056/142573.pdf?sequence=1
452,"High-stakes test preparation in Iran: The interplay of pedagogy, test content, and context","S Saif - Challenges in Language Testing Around the World …, 2021",N/A,Springer,0,"… Teachers further mentioned their classroom practices were influenced by students’ “need toimprove theirlanguageproficiency,” particularly the spoken language, to which the students …",https://link.springer.com/chapter/10.1007/978-981-33-4232-3_35
453,Instructors in the US Composition,"L Wang-Hiles, E Goodroad, T Zhang… - … Dialogue on Identity …, 2023",N/A,books.google.com,0,"Despite the widely-held belief that teaching English composition in the US should be theprivilege of native English speakers, there is a growing number of non-native English-speaking …",https://books.google.com/books?hl=en&lr=&id=HznEEAAAQBAJ&oi=fnd&pg=PA2000&dq=(%22Foreign+teaching+assistant*%22+OR+%22International+teaching+assistant*%22+OR+%22Non-native+teaching+assistant*%22)+AND+(%22speaking+assessment*%22+OR+%22rubric*%22+OR+%22language+proficiency%22+OR+%22oral+proficiency%22+OR+%22language+assessment%22+OR+%22accent+assessment%22+OR+%22intelligibility+assessment%22)+-Italian+-lingua&ots=iM85ufU1Zg&sig=9eSS349jXyM7NtIZq6CYP-F49Ik
454,"Lan Wang-Hiles, Ekaterina Goodroad","T Zhang, J Szerdahelyi",N/A,dukespace.lib.duke.edu,0,"Despite the widely-held belief that teaching English composition in the US should be theprivilege of native English speakers, there is a growing number of non-native English-speaking …",https://dukespace.lib.duke.edu/bitstreams/e43c3cf5-0225-4690-a036-1c90a0f83957/download
455,Gestural timing patterns of nasality in highly proficient Spanish learners of English: Aerodynamic evidence,"A Beristain- Language and Speech, 2023",N/A,journals.sagepub.com,0,"Segment-to-segment timing overlap between Vowel-Nasal gestures in /VN/ sequencesvaries cross-linguistically. However, how bilinguals may adjust those timing gestures is still …",https://journals.sagepub.com/doi/abs/10.1177/00238309231215355
456,[B]A qualitative study of the acculturation process of international teaching assistants,S Mascoop,1993,,0,This study was designed as a qualitative investigation of the acculturation issues of InternationalTeaching Assistants (ITAs) as they taught in a United States university for the first time. …,https://search.proquest.com/openview/3472466dfc7cecd4da31ea5c0cdbe448/1?pq-origsite=gscholar&cbl=18750&diss=y
457,Silence in online education: The invisible component,"YM Kalman- … on Instructional Technologies Research, The Open …, 2008",N/A,academia.edu,0,"Silence is an important factor in traditional education. It is highly subjective, and contextdependent. The role of silence in online education has not yet been evaluated in depth. This …",https://www.academia.edu/download/8247713/1_3.pdf
458,The effects of self-monitoring strategy use on the pronunciation of learners of English,"S Ingels - Pronunciation in Second Language Learning and …, 2009",N/A,iastatedigitalpress.com,0,This paper describes preliminary results of a classroom-based study on the effectiveness oftraining advanced second language learners to monitor and correct their non-target use of …,https://www.iastatedigitalpress.com/psllt/article/id/15150/
459,"Marginalized, silenced, and struggling: Understanding the plights of Chinese graduate teaching assistants","T Huang,S Chen,J Lin,A Cun- International Journal of …, 2023",N/A,journals.sagepub.com,0,Pursuing equity and diversity on internationalized higher education campuses has becomean urgent agenda. Chinese Graduate Teaching Assistants (GTAs) do not always have …,https://journals.sagepub.com/doi/abs/10.1177/2212585X231156996
460,Teaching the teachers: International graduate instructor self-efficacy after completing a semester-long pedagogy course,D Cannon,2022,,0,Graduate students who are also instructors can benefit from formal training programs thatcover skills necessary for teaching. These programs are even more beneficial for international …,https://repositories.lib.utexas.edu/items/e0595598-0496-4738-b0df-b34e27459514
461,3 Research on interlanguage variation,"E Tarone- Interfaces Between Second Language Acquisition and …, 1998",N/A,books.google.com,0,… How are we to conceive of a context-specific orallanguageproficiency; and how mightthis relate to a more traditional unitary measure of language proficiency? One possibility is to …,https://books.google.com/books?hl=en&lr=&id=SA7y5kNw048C&oi=fnd&pg=PA71&dq=(%22Foreign+teaching+assistant*%22+OR+%22International+teaching+assistant*%22+OR+%22Non-native+teaching+assistant*%22)+AND+(%22speaking+assessment*%22+OR+%22rubric*%22+OR+%22language+proficiency%22+OR+%22oral+proficiency%22+OR+%22language+assessment%22+OR+%22accent+assessment%22+OR+%22intelligibility+assessment%22)+-Italian+-lingua&ots=H4fsD4NxeN&sig=Cr0o8mAwz42Ao40w4MXsh24nxbo
462,[B]Teaching college writing to diverse student populations,D Ferris- 2009,N/A,books.google.com,0,Statistical and anecdotal evidence documents that even states with relatively little ethnic orcultural diversity are beginning to notice and ask questions about long-term resident …,https://books.google.com/books?hl=en&lr=&id=YLOKqsJx_wwC&oi=fnd&pg=PR11&dq=(%22Foreign+teaching+assistant*%22+OR+%22International+teaching+assistant*%22+OR+%22Non-native+teaching+assistant*%22)+AND+(%22speaking+assessment*%22+OR+%22rubric*%22+OR+%22language+proficiency%22+OR+%22oral+proficiency%22+OR+%22language+assessment%22+OR+%22accent+assessment%22+OR+%22intelligibility+assessment%22)+-Italian+-lingua&ots=M04MyOc8mT&sig=be1OjK5IN-7U1Gsost7ief4_bpY
463,Academic Oracy: What type of discourse should we teach,"VM Cribb - Exeter PIM Conference, 2005",N/A,researchgate.net,0,… Since the ability to produce extended discourse is a major requirement of academicoracy – students are often assessed through this type of discourse and theiroralproficiency…,https://www.researchgate.net/profile/Mike-Cribb/publication/237347440_Academic_oracy_What_type_of_discourse_should_we_teach/links/553668c10cf218056e94f58c/Academic-oracy-What-type-of-discourse-should-we-teach.pdf
464,[B]Academic communication skills: Conversation strategies for international graduate students,LS Huang,2010,,0,"… Silence in class or in an academic seminar may be misinterpreted as lack of interest, anunwillingness to communicate, shyness, or a lack oforalproficiencyor communication skills. …",https://books.google.com/books?hl=en&lr=&id=nb4rzOKhm-8C&oi=fnd&pg=PP1&dq=(%22Foreign+teaching+assistant*%22+OR+%22International+teaching+assistant*%22+OR+%22Non-native+teaching+assistant*%22)+AND+(%22speaking+assessment*%22+OR+%22rubric*%22+OR+%22language+proficiency%22+OR+%22oral+proficiency%22+OR+%22language+assessment%22+OR+%22accent+assessment%22+OR+%22intelligibility+assessment%22)+-Italian+-lingua&ots=NdzrfrgOnJ&sig=G7W7b1gXm3umQHzjToSER2_JAxo
465,The English Language as a Factor Influencing Foreign Students' Learning Outcomes in Higher Education,"K Svētiņa - TO BE OR NOT TO BE A GREAT EDUCATOR, 2023",N/A,researchgate.net,0,"… foreigner’slanguageproficiencyof the relevant study programme to at least the B2 levelaccording to approved methodology set by the regulations (Rules on requirements, criteria and …",https://www.researchgate.net/profile/Baiba-Martinsone/publication/371260283_Teachers'_Emotional_Burnout_Psychological_Detachment_from_Work_and_Self-Reported_Health_During_the_COVID-19_Pandemic/links/64c51cc70fae1319bfc4811f/Teachers-Emotional-Burnout-Psychological-Detachment-from-Work-and-Self-Reported-Health-During-the-COVID-19-Pandemic.pdf#page=413
466,[B]Identities in Negotiation: Stories From Three Transnational Multilingual Asian Writing Teachers,M Kang,2024,,0,This dissertation project investigates the lived experiences of three transnational multilingualAsian writing teachers across transnational trajectories to understand how these teachers …,https://search.proquest.com/openview/d79b1618fa62f6ad23930f7a4b70231b/1?pq-origsite=gscholar&cbl=18750&diss=y
467,[B]The role of specialized knowledge in interlanguage variation: The discourse domain hypothesis,SA Whyte- 1994,N/A,search.proquest.com,0,"This study investigates the oral production of second language learners on topics of specialization.It takes the perspective of the discourse domain hypothesis, which holds that second …",https://search.proquest.com/openview/ffdc4f3cf23db0bffddef6cdba490133/1?pq-origsite=gscholar&cbl=18750&diss=y
468,[B]A non-native English speaker's teaching characteristics in the ITV setting,HK Han,1996,,0,"… if ITAs have "" successfully completed the training program and passed all thelanguageproficiency… assistants] , these measures oflanguageproficiencydo not correlate particularly well …",https://search.proquest.com/openview/cc7dd76c5c0b37271540b4a1ed0cf6be/1?pq-origsite=gscholar&cbl=18750&diss=y
469,Preparing graduate students to teach: A seminar on teaching for graduate assistants in engineering,"ML Brannon,S Zappe- 2009 Annual Conference & Exposition, 2009",N/A,peer.asee.org,0,Graduate student teaching assistants constitute an important part of the university and servea critical role in the education of undergraduate students. The purpose of this paper is to …,https://peer.asee.org/4897.pdf
470,The Analysis and Solution of the Present Situation of Spoken English Teaching in Higher Vocational College,Z Yang,2019,,0,"… the process of language practice, teachers frequently interrupt students’ oral practice, andmake corrections in pronunciation and grammar, and even evaluate students’oralproficiency…",https://www.webofproceedings.org/proceedings_series/ESSP/ACAELT%202019/ACAELT21199.pdf
471,[B]The effect of formal instruction on the development of sociolinguistic competence: The performance of compliments,KA Billmyer,1990,,0,INFORMATION TO USERS Page 1 INFORMATION TO USERS The most advanced technologyhas been used to photograph and reproduce this manuscript from the microfilm master. …,https://search.proquest.com/openview/6d386ed8e47ca9d1c4728b2d8189b35e/1?pq-origsite=gscholar&cbl=18750&diss=y
472,[CITATION][C]Detecting Rater Effects Using Many-Facet Rasch Models and Bootstrap Techniques,Z Zhou- 2020,N/A,N/A,0,,N/A
473,Negotiating Language and Cultural Identity in Multicultural Contexts in Canada,"A Quinio - Reconceptualizing Language Norms in Multilingual …, 2024",N/A,igi-global.com,0,"… In this study, language ability refers to thelanguageproficiencyamong the IEPs as determinedby their level of confidence in speaking English as a Second Language (ESL). Language …",https://www.igi-global.com/chapter/negotiating-language-and-cultural-identity-in-multicultural-contexts-in-canada/335267
474,The Prism Model: Increasing Graduate Teaching Assistants' Self-Perceptions of Pedagogical Content Knowledge,C Mattox,2019,,0,"While graduate teaching assistants teach the majority of introductory lab and discussionsections at colleges and universities across the United States, there is a lack of empirical …",https://search.proquest.com/openview/7b3ec73975b3ee5d3f56c3e64e09c785/1?pq-origsite=gscholar&cbl=18750&diss=y
475,Skill profiles of Japanese English learners and reasons for uneven patterns,"R Koizumi, T Agawa, K Asano,Y In'nami- Language Testing in Asia, 2022",N/A,Springer,0,"Background Variations in the skill profiles of learners have become an important researcharea in recent years. However, there is a lack of empirical research on this topic in Japan. We …",https://link.springer.com/article/10.1186/s40468-022-00203-3
476,Foreign TAs: A course in communication skills,"MR Franck, MA DeSousa - Improving College and University …, 1982",N/A,Taylor & Francis,0,"… In addition, financial necessity requires some students to accept TAships before theyhave achieved sufficientlanguageproficiencyand become comfortable with the American …",https://www.tandfonline.com/doi/pdf/10.1080/00193089.1982.10533765
477,[CITATION][C]The role of questions in the physics laboratory classes of two non-native speaking teaching assistants,J Searls,1991,,0,,N/A
478,Social Networks and Language Use,"D Moglen- Journal of International Students, 2017 Vol. 7 (1), 2019",N/A,books.google.com,0,The campus climate for international graduate students (IGSs) has been gaining attention inrecent years as the number of IGSs in the United States continues to rise. IGSs bring …,https://books.google.com/books?hl=en&lr=&id=vkO4DwAAQBAJ&oi=fnd&pg=PA22&dq=(%22Foreign+teaching+assistant*%22+OR+%22International+teaching+assistant*%22+OR+%22Non-native+teaching+assistant*%22)+AND+(%22speaking+assessment*%22+OR+%22rubric*%22+OR+%22language+proficiency%22+OR+%22oral+proficiency%22+OR+%22language+assessment%22+OR+%22accent+assessment%22+OR+%22intelligibility+assessment%22)+-Italian+-lingua&ots=E-cDutRNeS&sig=5wnDQlIi1pU5wn1_pM0pXBRPcjk
479,Investigating ESL Graduate Students' Intercultural Experiences of Academic English Writing: A First Person Narration of a Streamlined Qualitative Study Process.,"L Gao - Qualitative Report, 2012",N/A,ERIC,0,"This report is a first person narration of the entire process of a qualitative study exploring theimpact of ESL students' native cultural and rhetorical conventions, as well as classroom …",https://eric.ed.gov/?id=EJ974847
480,Quality management and stakeholder accountability: Computerization of a mandate-driven placement test,SJ Chung,2014,,0,"… considered in the test developmental process, as studies have shown that the appropriateuse of test accommodations is an advantageous method for alleviatinglanguageproficiency…",https://www.ideals.illinois.edu/items/49515
481,International Graduate Student and Faculty-Advisor Relationship: Benefits and Challenges,T Bezerra,2021,,0,This study is a quantitative and qualitative investigation of the benefits and challenges in theinternational graduate student-faculty advisor relationship. Despite considerable research …,https://search.proquest.com/openview/561e67925b86cc784b59d6879446abb9/1?pq-origsite=gscholar&cbl=18750&diss=y
482,"Beristain, A.(2023). Gestural Timing Patterns of Nasality in Highly Proficient Spanish Learners of English: Aerodynamic Evidence. Language and Speech, 0 (0).",A Beristain- researchgate.net,N/A,N/A,0,"The production of a Vowel-Nasal consonant (VN) sequence involves two changes in articulation:an oral occlusion must be achieved after the vowel (eg, closure of the lips for/m/, apico-…",https://www.researchgate.net/profile/Ander-Beristain/publication/376894914_Gestural_timing_patterns_of_nasality_in_highly_proficient_Spanish_learners_of_English_Aerodynamic_evidence/links/658eae090bb2c7472b1ebc94/Gestural-Timing-Patterns-of-Nasality-in-Highly-Proficient-Spanish-Learners-of-English-Aerodynamic-Evidence.pdf
483,"International students' daily negotiations in language, culture, and identity in Canadian higher education","X Du - Interrogating models of diversity within a multicultural …, 2019",N/A,Springer,0,"Globalization has changed the landscape for higher education, and many students decide toimprove their educational qualifications outside their home countries. As a result, Canadian …",https://link.springer.com/chapter/10.1007/978-3-030-03913-4_14
484,In the belly of paradox: Teaching equity in an [in] equitable space as a graduate,"TA TA, RA Shahjahan - International Journal of Progressive …, 2008",N/A,academia.edu,0,"While much has been written on teaching equity and social justice issues in the highereducation classroom from a faculty perspective, there exists scant literature on these issues from …",https://www.academia.edu/download/1042313/IJPE_article.pdf
485,Internationalizing Illinois: English language policy at UIUC,NJ Mullen- 2017,N/A,ideals.illinois.edu,0,"… language and Englishlanguageproficiency, as this dissertation will show. She isconcerned with university efforts towards improving Englishlanguageproficiencyof “international …",https://www.ideals.illinois.edu/items/103575
486,Issues in ITA Training Programs.,"DL Sequeira, M Costantino - New Directions for Teaching and Learning, 1989",N/A,ERIC,0,"The international teaching assistant as employee or visiting scholar, screening for proficiencyin oral English, course training versus ongoing training, staffing and curriculum, and …",https://eric.ed.gov/?id=EJ396824
487,Pauses and speech rates in assessing fluency of English speech,"MS Kim,TY Jang- 언어, 2019",N/A,dbpia.co.kr,0,"An experiment was conducted to clarify how silent pauses and speech rate influence thehuman raters’ fluency evaluation of English speech. Three groups (30 English native listeners, …",https://www.dbpia.co.kr/Journal/articleDetail?nodeId=NODE09217392
488,Teaching mathematics at the college level: International TAs' transitional experiences,"JL Chae,JH Lim,MH Fisher- Primus, 2009",N/A,Taylor & Francis,0,"This article examines the transition process of 14 international teaching assistants (TAs),who teach mathematics courses in US college contexts. In particular, this study documents …",https://www.tandfonline.com/doi/abs/10.1080/10511970701700929
489,Speak English in the department or perish? A multimethod study on online public responses to an English-only incident at a US university,"Y Zhu,M Bresnahan,Y Wang,X Yan… - Language and …, 2025",N/A,Taylor & Francis,0,This study investigated more than 3600 online comments responding to an incident in 2019where a controversial memo was sent to instruct Chinese graduate students at a US …,https://www.tandfonline.com/doi/abs/10.1080/14708477.2024.2307591
490,Developing reading fluency in EFL: How assisted repeated reading and extensive reading affect fluency development,"E Taguchi, M Takayasu-Maass,GJ Gorsuch- 2004",N/A,scholarspace.manoa.hawaii.edu,0,"Extensive research on reading in a first language has shown the critical role fluency plays insuccessful reading. Fluency alone, however, does not guarantee successful reading. …",https://scholarspace.manoa.hawaii.edu/bitstream/10125/66783/1/16_2_10125_66783_taguchi.pdf
491,"American Montessori Society Works to Educate Teachers, Promote International Relations.","D Dembus - Montessori Life, 2001",N/A,search.ebscohost.com,0,… The visitors will meet rigorouslanguageproficiencystandards and undergo a selectivescreening procedure similar to the careful process IIE provides its major sponsors. Schools will …,https://search.ebscohost.com/login.aspx?direct=true&profile=ehost&scope=site&authtype=crawler&jrnl=10540040&asa=N&AN=31806149&h=IoZbQfHuJmFyic5XLmhkufQpPQVdbRLEXBWJMomDLF228Vl7HFiwu6LkOx9F%2FaHFA5NrMG3IhtWqFaQTUaJ8zQ%3D%3D&crl=c
492,Rapport management of international teaching assistants in their teaching,Y Zhang,2013,,0,"The current study adopts Spencer-Oatey’s theory of rapport management as the mainframework, and examines the IT A participants’ perceptions of their management of rapport, ie …",https://search.proquest.com/openview/3623dbb7d0938a07ff080be4c015e595/1?pq-origsite=gscholar&cbl=18750
493,Developing communicative effectiveness through the negotiated resolution of referential conflicts,"G Yule - Linguistics and education, 1991",N/A,Elsevier,0,"… Englishlanguageproficiencyhad a strong tendency to focus on their own role in an … Asdescribed later, this group of students demonstrated very high Englishlanguageproficiencyon a …",https://www.sciencedirect.com/science/article/pii/089858989190022B
494,Understanding of international graduate students' academic adaptation to a US graduate school,Y Zhou- 2010,N/A,rave.ohiolink.edu,0,"This study explored how academic relationships, acculturation strategies, and graduateexperiences influence international graduate students’ academic adjustment to US graduate life …",https://rave.ohiolink.edu/etdc/view?acc_num=bgsu1269127068
495,[B]Moving beyond “second” and “foreign”: An examination of the discursive construction of teaching English and Spanish,NM Houser,2011,,0,"This dissertation explores how teaching Spanish and English as second languages in theUnited States has been traditionally defined, the common assumptions that are held about …",https://search.proquest.com/openview/6a0f6c40f3bb98bcb49d25eb0adcc922/1?pq-origsite=gscholar&cbl=18750
496,Rethinking silence in the classroom: Chinese students' experiences of sharing indigenous knowledge,"Y Rachel Zhou, D Knoke,I Sakamoto- International Journal of …, 2005",N/A,Taylor & Francis,0,"… were poor Englishlanguageproficiency, unfamiliarity with … students reacted to theirlanguageproficiencyand how they … bad just because of theirlanguageproficiency. … You shouldn…",https://www.tandfonline.com/doi/abs/10.1080/13603110500075180
497,[B]International teaching assistants' attitudes toward teaching and understanding of United States American undergraduate students,D Trebing,2007,,0,"… Due to this large international student body at SIUC, especially at the graduate level, theEnglishlanguageproficiencyof ITAs already received widespread attention in the 1970s. …",https://search.proquest.com/openview/c803deffdd5640d60389fa4bf734846c/1?pq-origsite=gscholar&cbl=18750
498,How EFL College Learners Perceive CBI Experience.,"AJ Kang - English Teaching, 2018",N/A,ERIC,0,This study examined EFL college-level learners' perception toward the content-based instruction(CBI) by focusing on their participation in and expectation on the courses practiced in a …,https://eric.ed.gov/?id=EJ1306450
499,Directives in office hour consultations: A corpus-informed investigation of learner and expert usage,"J Reinhardt- English for Specific Purposes, 2010",N/A,Elsevier,0,"This paper investigates spoken directive language use in office hour consultation contextsby international teaching assistants (ITAs) in training, individually and in comparison with …",https://www.sciencedirect.com/science/article/pii/S0889490609000611
500,[B]East Asian students' expectations and their classroom participation,W Tsou- 1996,N/A,search.proquest.com,0,"… Secondly, the researcher wanted to see whether the increased classroom interaction leadto increasedoralproficiency. ESL classes with East Asian' (EA) students, who are generally …",https://search.proquest.com/openview/a3b4729b3739775af32dd06326c7a006/1?pq-origsite=gscholar&cbl=18750&diss=y
